Value,Weight
THE,1212
CHURCH,627
PARK,321
HIGH,275
STATION,267
MILL,253
CHAPEL,200
SCHOOL,185
ORCHARD,176
MANOR,171
WEST,164
VICTORIA,156
NEW,152
GREEN,151
MAIN,151
MEADOW,150
NORTH,136
SOUTH,127
BEECH,115
CASTLE,114
WILLOW,102
GRANGE,100
CHESTNUT,97
ELM,96
BRIDGE,94
OAK,92
WINDSOR,82
BACK,82
HILL,81
EAST,80
MARKET,77
HIGHFIELD,77
VICARAGE,77
ASH,76
CEDAR,76
MAPLE,74
BROOK,74
GROVE,73
SYCAMORE,73
ALBERT,72
HALL,72
CROSS,71
HAWTHORN,71
SPRINGFIELD,70
YORK,69
PRIORY,67
ST MARY'S,67
RECTORY,67
WOOD,66
WOODLANDS,61
ST JOHN'S,61
GLEBE,61
MOUNT,61
BIRCH,61
GEORGE,60
WOODLAND,60
POPLAR,60
SPRING,60
RICHMOND,59
WESTFIELD,57
MILTON,56
HOLLY,55
HILLSIDE,55
WELLINGTON,54
QUEEN,54
STANLEY,54
ALEXANDRA,52
ABBEY,52
KING,51
JUBILEE,50
QUEEN'S,50
MOOR,49
LONG,48
OXFORD,48
PRIMROSE,47
LIME,47
CLIFTON,47
LABURNUM,46
SANDY,45
WARWICK,45
WINDMILL,45
ROWAN,45
CROFT,44
GORDON,44
QUEENS,44
NELSON,43
WOODSIDE,43
VALLEY,43
FAIRFIELD,43
HAZEL,43
CAMBRIDGE,42
PINE,42
HAMILTON,42
COLLEGE,42
LINDEN,42
NURSERY,42
UNION,42
TUDOR,42
FOREST,41
KINGS,41
CORONATION,41
HEATH,41
PROSPECT,41
GROSVENOR,40
MAYFIELD,40
LODGE,40
FIELD,40
CHARLES,39
BEECHWOOD,39
WATER,39
DERWENT,39
LAUREL,39
ROSE,38
SALISBURY,38
NEWTON,38
TRINITY,38
LANCASTER,38
MARLBOROUGH,38
FARM,38
CHERRY,37
WARREN,37
BANK,37
ELIZABETH,36
GARDEN,36
LONDON,36
CARLTON,36
RUSSELL,35
BLENHEIM,35
JAMES,35
REGENT,35
CHURCHILL,35
RIVERSIDE,35
EDWARD,34
BALMORAL,34
DALE,33
LINCOLN,33
PORTLAND,33
TOWER,33
MARSH,33
CENTRAL,32
BROAD,32
CLARENCE,32
CROWN,32
DOUGLAS,32
QUARRY,31
JOHN,31
BELMONT,31
CHERRY TREE,31
BYRON,31
CONISTON,31
HOWARD,30
CROMWELL,30
OLD,30
WELL,30
HEATHER,30
LARCH,30
CAVENDISH,30
PRINCESS,30
COMMON,29
GLOUCESTER,29
ROMAN,29
WALNUT,28
BELL,28
WESTERN,28
NORFOLK,28
TENNYSON,28
SILVER,28
GLADSTONE,28
GREENFIELD,28
AVON,28
BEDFORD,28
ALBION,28
PRINCES,27
WESLEY,27
ALDER,27
WILLIAM,27
MIDDLE,27
KING'S,26
YEW TREE,26
LOW,26
OSBORNE,26
WENTWORTH,26
MOSS,26
RIVER,26
SHERWOOD,26
BARTON,26
SWAN,26
SANDRINGHAM,26
OAKWOOD,26
WAVERLEY,26
ST PETER'S,25
ST GEORGE'S,25
ST ANDREW'S,25
POUND,25
CHESTER,25
KENT,25
RAILWAY,25
GRASMERE,25
MALVERN,25
RUTLAND,24
KINGFISHER,24
IVY,24
NIGHTINGALE,24
WILSON,24
LILAC,24
DUKE,24
LOWER,24
NORMAN,23
SAXON,23
SPENCER,23
SUTTON,23
WALTON,23
GRANVILLE,23
PEMBROKE,23
WINCHESTER,23
CLAREMONT,23
BATH,23
MULBERRY,23
BUCKINGHAM,23
WINDERMERE,23
PINEWOOD,23
SCOTT,23
HAWTHORNE,23
WORDSWORTH,23
ALMA,22
CHATSWORTH,22
SHELLEY,22
CARR,22
ASHLEY,22
LAWRENCE,22
DURHAM,22
DEVONSHIRE,22
ST JAMES,22
NORTHFIELD,22
BRIAR,22
HERON,22
BURNS,21
ST ANDREWS,21
BEVERLEY,21
FIRST,21
BEACON,21
COMMERCIAL,21
CAMPBELL,21
ARUNDEL,21
VALE,21
STIRLING,21
CONWAY,21
FOX,21
KINGSLEY,21
KESTREL,21
WESTBOURNE,21
OAKFIELD,21
SHAKESPEARE,21
WATERLOO,21
ALMOND,21
MALLARD,21
BRAMLEY,20
CANTERBURY,20
CUMBERLAND,20
SUSSEX,20
PADDOCK,20
BOUNDARY,20
MELROSE,20
KINGSTON,20
ALBANY,20
BROOKFIELD,20
DEAN,20
SOMERSET,20
NEWLANDS,20
SHAW,20
HILLCREST,20
HOPE,20
DERBY,19
RYDAL,19
TALBOT,19
GREENWOOD,19
FORGE,19
COURT,19
THOMAS,19
CORNWALL,19
CLEVELAND,19
KENILWORTH,19
SECOND,19
LANSDOWNE,19
FERN,19
ACACIA,19
DORSET,19
CRESCENT,19
ST MICHAEL'S,19
ARTHUR,18
BELGRAVE,18
LANGDALE,18
BRAMBLE,18
BEAUMONT,18
CLARENDON,18
VERNON,18
ROSEMARY,18
CLIFF,18
STUART,18
DEVON,18
ASPEN,18
BLUEBELL,18
COTSWOLD,18
MYRTLE,18
BERKELEY,18
SEYMOUR,18
WESTON,18
WESTWOOD,18
WESTMINSTER,18
WORCESTER,18
OLD SCHOOL,17
LINKS,17
JUNIPER,17
GLEN,17
BRACKEN,17
CHILTERN,17
BRUNSWICK,17
ESSEX,17
MOORLAND,17
PEEL,17
BURNSIDE,17
BEAUFORT,17
LITTLE,17
NORTON,17
WALKER,17
EDEN,17
LANGLEY,17
KENSINGTON,17
MIDDLETON,17
LYNDHURST,17
THORNTON,17
FORE,17
CHAUCER,17
BROOM,17
HANOVER,17
OAKLANDS,17
PINFOLD,16
FRANCIS,16
MELBOURNE,16
CEMETERY,16
EDINBURGH,16
ASHFIELD,16
ACORN,16
FORD,16
AVENUE,16
CANAL,16
TEMPLE,16
TOWN,16
TURNER,16
STAFFORD,16
SOUTHFIELD,16
BURTON,16
BARN,16
SUFFOLK,16
ALFRED,16
EXETER,16
FALCON,16
HEATHFIELD,16
COPPICE,16
BROOKSIDE,16
TRENT,16
RUSKIN,16
WOODFIELD,15
MARINE,15
KENDAL,15
ULLSWATER,15
THIRD,15
LAVENDER,15
LEWIS,15
GAINSBOROUGH,15
SWALLOW,15
SHORT,15
HENRY,15
JACKSON,15
CECIL,15
DARK,15
BLACKTHORN,15
ALEXANDER,15
BOURNE,15
EASTFIELD,15
SUTHERLAND,15
THIRLMERE,15
TRAFALGAR,15
SEVERN,15
PARSONAGE,15
WATERY,15
OAK TREE,14
KEATS,14
HAMPTON,14
FERRY,14
REDWOOD,14
WELLS,14
ST NICHOLAS,14
FRONT,14
GRAHAM,14
MARGARET,14
MARTIN,14
ST PAUL'S,14
ROCK,14
WILTON,14
MANSE,14
BEACH,14
BISHOPS,14
CYPRESS,14
LICHFIELD,14
FOXGLOVE,14
HOLLAND,14
SUNNINGDALE,14
SMITH,14
NORWICH,14
GRAFTON,14
MOUNT PLEASANT,14
AVONDALE,14
HARRISON,14
WHITE,14
PENNINE,13
COMPTON,13
ENNERDALE,13
BROWNING,13
FLORENCE,13
MITCHELL,13
KILN,13
WALLACE,13
ST JOHNS,13
JOHNSON,13
CALDER,13
BRUNEL,13
FAIRVIEW,13
TAYLOR,13
WOODSTOCK,13
FERNDALE,13
HEREFORD,13
BIRCHWOOD,13
NEVILLE,13
PERCY,13
SHAFTESBURY,13
BAKER,13
ANDERSON,13
FOUNDRY,13
TELFORD,13
FREDERICK,12
MONTGOMERY,12
CHEVIOT,12
CLIFFORD,12
HERBERT,12
HASTINGS,12
PEAR TREE,12
WHITEHALL,12
WHARF,12
NAPIER,12
NORWOOD,12
PRESTON,12
THORPE,12
SMITHY,12
STANHOPE,12
GREENHILL,12
MERLIN,12
MANSFIELD,12
MANOR FARM,12
CLARE,12
COOMBE,12
CLAY,12
DUDLEY,12
LOVE,12
MENDIP,12
LEICESTER,12
HAZELWOOD,12
THOMPSON,12
ROYAL,12
STEWART,12
SPINNEY,12
LAKE,12
CONNAUGHT,12
BELVEDERE,12
ASHTON,12
CAMERON,12
KESWICK,12
JASMINE,12
PARKFIELD,12
KING EDWARD,12
HENLEY,12
GORSE,12
DRAKE,12
DORCHESTER,11
CHICHESTER,11
ARGYLE,11
ADELAIDE,11
BERESFORD,11
BROOKLANDS,11
HARCOURT,11
KIRK,11
HUNTER,11
MONTAGUE,11
SILVERDALE,11
STEPHENSON,11
THAMES,11
VINCENT,11
BERRY,11
EATON,11
MARSHALL,11
KINGSWOOD,11
LEE,11
ROOKERY,11
WATERSIDE,11
HONEYSUCKLE,11
FRASER,11
HARROW,11
MONKS,11
CHARLOTTE,11
ROBIN,11
SANDOWN,11
OLD HALL,11
NEWPORT,11
STONE,11
ST DAVID'S,11
ABBOTS,11
BEACONSFIELD,11
ADDISON,11
MAY,11
FAIRFAX,11
PARKSIDE,11
PLANTATION,11
RIDGEWAY,11
SHEPHERDS,11
VINE,11
FOURTH,11
MORLEY,11
MEAD,11
KIMBERLEY,11
HURST,11
BRUCE,11
EASTERN,11
VILLAGE,11
ST MARGARET'S,11
OLD MILL,11
WOODHOUSE,11
DOVER,11
CAMPION,11
BURNHAM,11
BUTTERMERE,11
BROUGHTON,11
BRADLEY,11
LIME TREE,11
MILLFIELD,11
MURRAY,11
HILTON,11
HARDY,10
BRYN,10
WINSTON,10
SHIRLEY,10
BURY,10
BRITANNIA,10
ASCOT,10
EAGLE,10
LYNTON,10
KENNEDY,10
HARBOUR,10
FIR TREE,10
DOVE,10
ELMWOOD,10
STRATFORD,10
WEST END,10
PARTRIDGE,10
ROSEBERY,10
ROSS,10
WESTBURY,10
WREN,10
COLERIDGE,10
ARRAN,10
BROOMFIELD,10
LONSDALE,10
LONGFIELD,10
MASEFIELD,10
MAXWELL,10
HUDSON,10
SURREY,10
ROCHESTER,10
SEFTON,10
ROBERTS,10
THORNHILL,10
MILLER,10
HARRIS,10
CHANTRY,10
CATHERINE,10
COLLINGWOOD,10
BUXTON,10
HOLT,10
FIR,10
GILBERT,10
MARY,10
LEIGH,10
WATSON,10
THORN,10
ST MICHAELS,10
ST ANNE'S,10
BOLTON,10
BENTLEY,10
AMBLESIDE,10
BIRKDALE,10
BRIDLE,10
CLAYTON,10
LORD,10
MORRIS,10
MONTROSE,10
FISHER,10
GREENWAY,10
RIDGE,10
ROSEDALE,10
PHOENIX,10
STAMFORD,10
HAREWOOD,10
CLOVER,10
CARLISLE,10
BURLINGTON,10
BRAEMAR,10
ASHBOURNE,10
BARNFIELD,10
BROWN,9
CHARNWOOD,9
COOPER,9
DRYDEN,9
HARDWICK,9
HOLME,9
RED,9
WOBURN,9
WARD,9
HARVEY,9
GUILDFORD,9
EASTWOOD,9
DENE,9
CHARLTON,9
BELLE VUE,9
BRISTOL,9
EGERTON,9
HILLVIEW,9
UPLANDS,9
ST PETERS,9
WELBECK,9
NORTHUMBERLAND,9
LEA,9
INGS,9
HYDE,9
ESKDALE,9
DUNCAN,9
COTTAGE,9
ASHFORD,9
OAKLEY,9
ST MARTIN'S,9
ST MARYS,9
SYDNEY,9
PENTLAND,9
OSPREY,9
DICKENS,9
FLEMING,9
HILLTOP,9
MAGNOLIA,9
GLENEAGLES,9
ARNOLD,9
BARNES,9
PELHAM,9
PALMERSTON,9
POND,9
WYNDHAM,9
ASTON,9
CRABTREE,9
CRAWFORD,9
BREWERY,9
BOND,9
BAILEY,9
ELLESMERE,9
GIBSON,9
HADDON,9
KELVIN,9
PALMER,9
PASTURE,9
ROBERT,9
WASHINGTON,9
SPRUCE,9
SHORE,9
KIPLING,8
MALTHOUSE,8
GREENBANK,8
HARTLEY,8
CLYDE,8
BERWICK,8
ARDEN,8
DUKES,8
HOSPITAL,8
FOSTER,8
MOORFIELD,8
MERTON,8
UPTON,8
TOP,8
NEWBURY,8
HILL TOP,8
HAVELOCK,8
CURZON,8
DOWNS,8
CHELTENHAM,8
BADGERS,8
MOUNTBATTEN,8
LYNWOOD,8
LINK,8
OLDFIELD,8
SANDPIPER,8
SUMMERFIELD,8
LINNET,8
MELVILLE,8
HAMPDEN,8
BALFOUR,8
ANCHOR,8
CORPORATION,8
ELMS,8
CRAVEN,8
DIXON,8
ARLINGTON,8
ASHWOOD,8
BLIND,8
BLAKE,8
BULL,8
MANCHESTER,8
RALEIGH,8
QUAY,8
PARKER,8
POST OFFICE,8
LOMOND,8
HERMITAGE,8
FIRS,8
BRIGHTON,8
BARLEY,8
ARGYLL,8
DELAMERE,8
ELDER,8
COBDEN,8
ASHDOWN,8
FRANKLIN,8
HIGHLAND,8
HORNBEAM,8
MERE,8
MILLERS,8
ST MARK'S,8
PERTH,8
MELTON,8
MOAT,8
HARVEST,8
BRADFORD,8
DOVEDALE,8
DALTON,8
CURLEW,8
COWPER,8
GRENVILLE,8
FRIARS,8
FIFTH,8
MARSTON,8
HUNTERS,8
PARADISE,8
OLIVER,8
SUMMER,8
STOKE,7
RAGLAN,7
LISTER,7
FOLLY,7
COW,7
COACH,7
ELLIS,7
BUTTS,7
CARISBROOKE,7
FLETCHER,7
GOODWOOD,7
HAROLD,7
JUNCTION,7
MASON,7
MAYFAIR,7
SEA,7
ROSEWOOD,7
POOL,7
TEAL,7
SEATON,7
LINTON,7
CROMER,7
ASHBY,7
ANDREW,7
DAWSON,7
CARTER,7
COPSE,7
LLOYD,7
LAWSON,7
REYNOLDS,7
TAVISTOCK,7
WEAVERS,7
STONEY,7
SUNNYSIDE,7
PARKLANDS,7
LEIGHTON,7
MONMOUTH,7
MOORE,7
GARTH,7
CONSTABLE,7
COVENTRY,7
CAROLINE,7
DARWIN,7
ASHLEIGH,7
BORROWDALE,7
BOOTH,7
BRANDON,7
ELDON,7
DRUMMOND,7
GLENDALE,7
FLEET,7
FOUNTAIN,7
MILFORD,7
LANGTON,7
LAKESIDE,7
KNOWLE,7
PRINCE'S,7
SANDHURST,7
WESSEX,7
LINDSAY,7
MORTON,7
GRANT,7
ELY,7
CLIVE,7
BENNETT,7
ALLEN,7
BECK,7
BADGER,7
ELGIN,7
HOLMES,7
SYLVAN,7
RADNOR,7
RIPON,7
REGENCY,7
WILLIAMS,7
RINGWOOD,7
PLEASANT,7
VICTORY,7
STANTON,7
SLADE,7
KNIGHTS,7
DRAYTON,7
AMBERLEY,7
BRECON,7
BOWLING GREEN,7
ALL SAINTS,7
ACRE,7
EARL,7
LAWN,7
GIPSY,7
SHREWSBURY,7
PLOUGH,7
OAKDALE,6
ROBERTSON,6
PUMP,6
ROBINSON,6
ST LUKE'S,6
TOWNSEND,6
WHITBY,6
ETON,6
MEDWAY,6
ABINGDON,6
BROOMHILL,6
BOSTON,6
MAYFLOWER,6
MORTIMER,6
MARINA,6
FEN,6
FARADAY,6
HARTINGTON,6
SUN,6
PLOVER,6
ROMNEY,6
SELBY,6
SOUTH VIEW,6
HOME FARM,6
HEATON,6
LUDLOW,6
MIDLAND,6
ARMSTRONG,6
CHEQUERS,6
DUNBAR,6
SIMPSON,6
STRAWBERRY,6
PILGRIMS,6
NORTHCOTE,6
WOODHALL,6
NOTTINGHAM,6
OWEN,6
RODNEY,6
SHERIDAN,6
VAUGHAN,6
DENBIGH,6
CAMDEN,6
ANSON,6
AUSTIN,6
BARNARD,6
BRADSHAW,6
BISHOP,6
BRIGHT,6
BROOKE,6
MORETON,6
MORGAN,6
LORNE,6
LARK,6
HIGHLANDS,6
HOLLOW,6
HATFIELD,6
FROG,6
VIKING,6
WAKEFIELD,6
ST GEORGES,6
WHITEHOUSE,6
SWIFT,6
SIDNEY,6
SOUTHDOWN,6
TURNPIKE,6
PERRY,6
OAKLAND,6
NEWARK,6
HAWKINS,6
HAM,6
HALIFAX,6
GREGORY,6
HORSESHOE,6
HAYES,6
LIVINGSTONE,6
DENMARK,6
DAISY,6
ELMFIELD,6
CRANLEIGH,6
DAVID,6
CLOUGH,6
BROADWAY,6
BARROW,6
FACTORY,6
OVERTON,6
PENN,6
RUGBY,6
THISTLE,6
SORREL,6
ST THOMAS,6
ROYSTON,6
PARK VIEW,6
OAKS,6
FENTON,6
LEYS,6
BROMLEY,6
CAMP,6
DANE,6
CUNNINGHAM,6
DRURY,6
DUCK,6
DARLEY,6
LIMES,6
LIVERPOOL,6
MINSTER,6
RAMSEY,6
TAUNTON,6
WELLESLEY,6
VULCAN,5
RUFFORD,5
ORCHID,5
PITT,5
MOORSIDE,5
HORTON,5
FAIRWAY,5
HOLLYBUSH,5
DENTON,5
ELM TREE,5
ENFIELD,5
CAMBRIAN,5
CHAFFINCH,5
BARRINGTON,5
BARLOW,5
BEECHFIELD,5
CASTLETON,5
MUIRFIELD,5
WATLING,5
TIVERTON,5
TINTERN,5
ST LAWRENCE,5
ST MARGARETS,5
TAMAR,5
WELLAND,5
PAVILION,5
ORWELL,5
WILLOUGHBY,5
LOWTHER,5
HUMBER,5
LATIMER,5
HOME,5
HENDERSON,5
HIGHGATE,5
HIGHBURY,5
GRANTHAM,5
BLACKBERRY,5
BOWER,5
BALDWIN,5
CANBERRA,5
CHESTERFIELD,5
HILL VIEW,5
LYTHAM,5
WILKINSON,5
NASH,5
NEWTOWN,5
SACKVILLE,5
RAVEN,5
VILLIERS,5
ST LEONARD'S,5
STRATHMORE,5
ST JOHN,5
ST STEPHEN'S,5
REDHILL,5
RYE,5
NEWSTEAD,5
WESTMORLAND,5
LINGFIELD,5
LESLIE,5
HOUGHTON,5
KIRBY,5
HOLLINS,5
GRAMPIAN,5
GLENWOOD,5
FURNESS,5
GARFIELD,5
BEATRICE,5
ARCHER,5
ANGUS,5
BAKERS,5
CARDIGAN,5
HAIG,5
HAVEN,5
HART,5
LAPWING,5
MARLOW,5
WOLSELEY,5
WOODPECKER,5
OLIVE,5
OAKDENE,5
SEAVIEW,5
SEAFIELD,5
POWELL,5
SIXTH,5
WEIR,5
WEST PARK,5
STRETTON,5
SUNNY,5
RED LION,5
RESERVOIR,5
PARSONS,5
HARRINGTON,5
HERTFORD,5
GLASGOW,5
EVANS,5
CHEPSTOW,5
CHADWICK,5
CLINTON,5
DAVIES,5
DAWLISH,5
AINTREE,5
ABBOTTS,5
BANBURY,5
BEECHCROFT,5
BARRACK,5
BENSON,5
BRINDLEY,5
BURLEIGH,5
EPSOM,5
ELTON,5
GRANBY,5
GOWER,5
GRAVEL,5
MARSDEN,5
OCCUPATION,5
ROCKINGHAM,5
SPEEDWELL,5
WEST VIEW,5
WOODBINE,5
WRIGHT,5
TYNE,5
SOUTHERN,5
ST ALBANS,5
ST HELEN'S,5
SAND,5
QUANTOCK,5
PROVIDENCE,5
PATTERDALE,5
PHILIP,5
MORNINGTON,5
MILNER,5
FROBISHER,5
HIGHER,5
ASH TREE,5
DINGLE,5
BUTTERCUP,5
BURFORD,5
BLAIR,5
HOLYWELL,5
GLENFIELD,5
EVELYN,5
JERSEY,5
HUTTON,5
POTTERY,5
REPTON,5
RUSSET,5
SHERBORNE,5
STAR,5
TEWKESBURY,5
WELLFIELD,5
WOODVILLE,5
WESTGATE,4
WALPOLE,4
TURNBERRY,4
SANDFORD,4
PENRITH,4
PORT,4
NEWMAN,4
LULWORTH,4
EVESHAM,4
GAS,4
HOMEFIELD,4
GREENSIDE,4
BLACKSMITHS,4
BRIDGEWATER,4
ANN,4
BUCHANAN,4
BRAMPTON,4
DOVECOTE,4
COOPERS,4
GRESHAM,4
GRIFFIN,4
GRAY,4
GOLDSMITH,4
KIRKSTONE,4
LAMBERT,4
LEVEN,4
LION,4
NARROW,4
NORTHWOOD,4
PIER,4
SAVILLE,4
PRINCE,4
RANDOLPH,4
WALTER,4
WALTHAM,4
STONELEIGH,4
SOUTHWOOD,4
WHEATLEY,4
WILTSHIRE,4
SPA,4
ST ANNES,4
SHERBOURNE,4
VIOLET,4
RYECROFT,4
PEACOCK,4
NICHOLAS,4
KITCHENER,4
KNOWSLEY,4
MATLOCK,4
FOWLER,4
COTTON,4
CHARTWELL,4
CAXTON,4
CARRINGTON,4
EDMUND,4
ELMHURST,4
DENHAM,4
CRANBROOK,4
BRICK KILN,4
BARKER,4
AUCKLAND,4
BURGESS,4
BUTT,4
DOCK,4
EASTBOURNE,4
CANNON,4
CONIFER,4
HARTLAND,4
LENNOX,4
OLD CHURCH,4
PEARTREE,4
PETER,4
POPPY,4
RECREATION,4
STONY,4
WETHERBY,4
WOODFORD,4
WOODEND,4
WICK,4
STOUR,4
SOUTHLANDS,4
VICTOR,4
WEBB,4
WEBSTER,4
UNDERWOOD,4
RANNOCH,4
PAGET,4
OLD FARM,4
NORMANDY,4
LYON,4
FALKLAND,4
COOK,4
CHRISTCHURCH,4
ELEANOR,4
EDITH,4
BELVOIR,4
ARNSIDE,4
ALTON,4
AUDLEY,4
BEATTY,4
BRENTWOOD,4
CROFTON,4
CHESTERTON,4
CHATHAM,4
CLIFFE,4
CLARKE,4
COBHAM,4
FOUNTAINS,4
GLAMIS,4
HARWOOD,4
HAMMOND,4
HOLDEN,4
LEOPOLD,4
LEYBURN,4
HUNTINGDON,4
NORBURY,4
NEWLAND,4
NEWCASTLE,4
OAKLEIGH,4
OSWALD,4
PEREGRINE,4
QUEEN ELIZABETH,4
PRETORIA,4
SAFFRON,4
SCARBOROUGH,4
SANDS,4
STRATTON,4
WHEATFIELD,4
WHITTLE,4
STOCKS,4
ST DAVIDS,4
RAYMOND,4
HUNT,4
KENNET,4
LEES,4
LAMBOURNE,4
LAMB,4
LARKFIELD,4
MAITLAND,4
HARLEY,4
GREBE,4
GREENACRE,4
COWLEY,4
CARRICK,4
CROMPTON,4
BROADLANDS,4
BUTLER,4
BLACK,4
BOW,4
BLANDFORD,4
ASTLEY,4
BOWNESS,4
BERNARD,4
DARTMOUTH,4
DOLPHIN,4
CHANDOS,4
COLLINS,4
COLCHESTER,4
HANBURY,4
HOBART,4
FARNHAM,4
EXCHANGE,4
MAGPIE,4
STANFORD,4
UPPER,4
TWEED,4
TREVOR,4
VENTNOR,4
WARNER,4
TWYFORD,4
STOCKTON,4
RIBBLE,4
RIDLEY,4
POTTERS,4
SHANNON,4
SALCOMBE,4
OAKHAM,4
OLD RECTORY,4
MARK,4
MERSEY,4
NAIRN,4
KIRKTON,4
LEONARD,4
LOCK,4
IMPERIAL,4
ENTERPRISE,4
GRACE,4
FURZE,4
FRANCES,4
CHAPMAN,4
CHERITON,4
CARTMEL,4
EDWIN,4
DEEPDALE,4
CROSBY,4
BUCKLAND,4
BRENDON,4
BEECHES,4
ASHURST,4
APPLETON,4
BIRCHFIELD,4
DELL,4
EDALE,4
ELGAR,4
DUNSTER,4
COLDHARBOUR,4
FALMOUTH,4
FORT,4
LONGLANDS,4
NORRIS,4
RICHARDSON,4
WASH,4
WHITFIELD,4
WHITLEY,3
WHITE HOUSE,3
WHEATSHEAF,3
WINTON,3
WINDRUSH,3
TRURO,3
STABLE,3
ST MARTINS,3
SHEPHERD,3
SKIPTON,3
NEWLYN,3
OLD STATION,3
OAKHILL,3
PICTON,3
LYNMOUTH,3
LIMEKILN,3
LANGHAM,3
HARDING,3
CHURCHFIELD,3
DAVIS,3
CROW,3
BLACKBURN,3
BOWLAND,3
BLOOMFIELD,3
BUCKLEY,3
BULLER,3
BOROUGH,3
APPLEBY,3
ASHDALE,3
ABBOTSFORD,3
ADAMS,3
CRANFORD,3
CRANBOURNE,3
DUNDAS,3
DOG,3
DOWNING,3
COURTENAY,3
CORNFIELD,3
CENTURION,3
CHALK,3
HINTON,3
HOOK,3
FARRIERS,3
FELL,3
FURLONG,3
KIRKHAM,3
HOWE,3
INGLEWOOD,3
MALDON,3
MOWBRAY,3
MILLBROOK,3
MELLOR,3
PEARSON,3
RIPLEY,3
RAVENSWOOD,3
RUPERT,3
SCOTLAND,3
SOMERVILLE,3
ST GILES,3
ST JAMES',3
WENDOVER,3
WINIFRED,3
WHITE HORSE,3
WHITWORTH,3
YEW,3
WENSLEYDALE,3
WAVENEY,3
ST PAULS,3
SOUTHWELL,3
SHELDON,3
SANDFIELD,3
ROMSEY,3
OVERDALE,3
MARTINS,3
LUMLEY,3
KAY,3
KING GEORGE,3
LADYSMITH,3
LANGFORD,3
LARKSPUR,3
FINCH,3
HOMESTEAD,3
HOGARTH,3
HAYFIELD,3
HAY,3
HARLECH,3
CHRISTOPHER,3
CANNING,3
CLOVELLY,3
DAIRY,3
DEE,3
ACADEMY,3
APPLE TREE,3
ANGEL,3
ATHERTON,3
BELLEVUE,3
BLYTH,3
BRENT,3
BAY,3
BASSETT,3
ANDOVER,3
ALPHA,3
ALSTON,3
DUNLIN,3
CORNWALLIS,3
CARNOUSTIE,3
CHESHIRE,3
HEYWOOD,3
FLINT,3
FERNHILL,3
LANSDOWN,3
KEMPTON,3
MARLOWE,3
MARDALE,3
ONSLOW,3
NEWMARKET,3
ROSSLYN,3
PRINCE CHARLES,3
RAMSAY,3
SOVEREIGN,3
WALNUT TREE,3
WHITEHILL,3
WOODCROFT,3
WITHAM,3
WOODBRIDGE,3
WOLSEY,3
WICKHAM,3
WIMBORNE,3
WESTLAND,3
UPLAND,3
SHETLAND,3
ST IVES,3
ST MARKS,3
REED,3
ROPE,3
SANDON,3
NORTHAMPTON,3
PARLIAMENT,3
LOWFIELD,3
MOUNTAIN,3
KENMORE,3
KINGSMEAD,3
KINGSLAND,3
ERSKINE,3
FROME,3
HILLARY,3
HAREBELL,3
HAMPSHIRE,3
HARRIER,3
GREAT NORTH,3
GREENLAND,3
CARDIFF,3
CAERNARVON,3
CITY,3
EDGEHILL,3
DIAMOND,3
ALPINE,3
BAIRD,3
BRONTE,3
BUSH,3
BELTON,3
BODMIN,3
BUTE,3
DEACON,3
CUCKOO,3
DROVE,3
CHELSEA,3
GYPSY,3
LAUNDRY,3
HYTHE,3
PALACE,3
PLYMOUTH,3
ROSEBERRY,3
SADDLERS,3
ST JAMES'S,3
SUNDERLAND,3
SILVER BIRCH,3
SPRINGWOOD,3
THORNE,3
WINGFIELD,3
YARROW,3
WYE,3
THORNFIELD,3
WESTBROOK,3
ST FRANCIS,3
SHOP,3
STAPLETON,3
ST LEONARDS,3
REDCAR,3
ROBINS,3
PIT,3
NETHERTON,3
LINDISFARNE,3
LYNN,3
HEATHCOTE,3
GOOSE,3
GLASTONBURY,3
GILL,3
FENWICK,3
FEATHERBED,3
FARNDALE,3
CHASE,3
CARLYLE,3
COOKS,3
DONCASTER,3
EDGAR,3
BRICK,3
BRICKYARD,3
BOSWORTH,3
BIRMINGHAM,3
BANKS,3
ADAM,3
ASHCROFT,3
BAMFORD,3
BURLEY,3
BURGHLEY,3
BROWNLOW,3
CRANMER,3
HOLBROOK,3
HOOD,3
GREENACRES,3
LUCERNE,3
LONGFORD,3
MARION,3
MAIDSTONE,3
LEEDS,3
KEEPERS,3
NASEBY,3
OLD LONDON,3
RICHARD,3
REDWING,3
SAUNDERS,3
SELWYN,3
SHEFFIELD,3
WEAVER,3
WATERWORKS,3
VIRGINIA,3
TAMWORTH,3
YOUNG,3
WINGATE,3
WOODBURN,3
WOODCOCK,3
WHITEBEAM,3
WYKEHAM,3
TENBY,3
SHIRE,3
SPRINGHILL,3
SOUTHAMPTON,3
STEVENSON,3
SEVENTH,3
PIPPIN,3
PERCIVAL,3
IPSWICH,3
LEAMINGTON,3
LANDSEER,3
MAGDALEN,3
MOORLANDS,3
GREENFIELDS,3
GREY,3
HALTON,3
HILARY,3
FLEETWOOD,3
GLOVER,3
FULMAR,3
DROVERS,3
DOWN,3
CHURCH FARM,3
CLEMENT,3
CHELMSFORD,3
BRIERLEY,3
BROADFIELD,3
BROMPTON,3
BLACKSMITH,3
BARFORD,3
BAXTER,3
BAKER'S,3
ASHBURNHAM,3
ALL SAINTS',3
ALICE,3
BOSWELL,3
CHERWELL,3
CHAMBERLAIN,3
CHANCERY,3
CHANDLERS,3
CAPEL,3
COMMERCE,3
ELLIOT,3
CRAIG,3
CRESSWELL,3
GOLF,3
FIFE,3
HORNBY,3
HADLEIGH,3
MORAY,3
MILL HILL,3
MIDDLEFIELD,3
MAES,3
MACDONALD,3
LONGFELLOW,3
LAMMAS,3
JULIAN,3
PEPPER,3
PIPERS,3
PARKSTONE,3
NENE,3
SEA VIEW,3
READING,3
SUDBURY,3
ST MARY,3
SOUTHVIEW,3
THORNBURY,3
TROON,3
WARRINGTON,3
WENLOCK,3
WHALLEY,3
WHITCHURCH,3
WHITEFIELD,3
WORSLEY,2
ZETLAND,2
TOLLGATE,2
SPRINGWELL,2
ST ALBAN'S,2
ST CATHERINES,2
SHIP,2
SINCLAIR,2
STEEPLE,2
STEPHEN,2
ROBIN HOOD,2
QUEBEC,2
RADCLIFFE,2
NETHERFIELD,2
NEWFIELD,2
ORIEL,2
PAXTON,2
PEMBERTON,2
PEVENSEY,2
PEVERIL,2
KEBLE,2
LOMBARD,2
MANOR HOUSE,2
MOSTYN,2
MUIR,2
HONEY,2
HENRIETTA,2
ERNEST,2
GOODWIN,2
FURNACE,2
ELLIOTT,2
EDWARDS,2
DUNDEE,2
CO-OPERATIVE,2
COLTSFOOT,2
CALEDONIA,2
CHEYNE,2
BISHOP'S,2
BROOKLYN,2
ANGLESEY,2
ARKWRIGHT,2
BANKFIELD,2
BEAULIEU,2
ANNE,2
ASHGROVE,2
ALLERTON,2
ADMIRALS,2
BRYONY,2
COMBE,2
DOROTHY,2
EMERALD,2
CURTIS,2
DARLINGTON,2
GRAND,2
GLENMORE,2
FINKLE,2
HERITAGE,2
HOLMWOOD,2
HARE,2
HASLEMERE,2
MANLEY,2
MALCOLM,2
MALLORY,2
MALMESBURY,2
LYNDALE,2
LINDLEY,2
LEDBURY,2
KNIGHTON,2
JESMOND,2
JOSEPH,2
KENNEL,2
KENTMERE,2
KENYON,2
INKERMAN,2
PARKWOOD,2
OAKTREE,2
NILE,2
RANELAGH,2
PURCELL,2
RHODES,2
REGINALD,2
RUTHERFORD,2
SANDERS,2
ROSEBANK,2
SIDMOUTH,2
SNOWDON,2
SNOWDROP,2
UNITY,2
TAY,2
TAYLORS,2
WAVELL,2
WOODVIEW,2
WYVERN,2
WATERFORD,2
THACKERAY,2
SLACK,2
ST VINCENT,2
ROTHWELL,2
PURBECK,2
OAKHURST,2
PADSTOW,2
PARK FARM,2
PETERSFIELD,2
INGRAM,2
KINGSDOWN,2
LANSBURY,2
LIMETREE,2
MANDEVILLE,2
MARCH,2
MONARCH,2
MILITARY,2
HATTON,2
HAMBLETON,2
HESKETH,2
FIRTREE,2
FITZROY,2
EVERGREEN,2
GORE,2
COX'S,2
ELLISON,2
ELIOT,2
EIGHTH,2
EASTON,2
CHILTON,2
CELANDINE,2
CARNARVON,2
CAREY,2
BITTERN,2
BLACKWELL,2
BECKETT,2
BARRY,2
BAKEWELL,2
ATHOL,2
AVOCET,2
AYSGARTH,2
APPLE,2
BRANCH,2
BIDEFORD,2
BROOKDALE,2
BRISBANE,2
CAMBORNE,2
CARDINAL,2
CHALFONT,2
CONSTITUTION,2
COLLIER,2
DOWNSIDE,2
CYPRUS,2
DAVENPORT,2
GRANARY,2
GALLOWAY,2
GAYTON,2
EVERSLEY,2
ETHEL,2
FORBES,2
HATHAWAY,2
GREYFRIARS,2
MALHAM,2
MARTINDALE,2
LOXLEY,2
INGLEBY,2
IVANHOE,2
PIKE,2
PENNY,2
POOLE,2
OLD VICARAGE,2
NEWBY,2
RAMSDEN,2
RATCLIFFE,2
RED HOUSE,2
RILEY,2
SHACKLETON,2
STRAIGHT,2
SOLWAY,2
TANNERS,2
TANNERY,2
TOTNES,2
VICAR,2
VALENTINE,2
WYATT,2
WOODBURY,2
WOOD END,2
WOODGATE,2
VIEWFIELD,2
TEDDER,2
TERRACE,2
STUBBS,2
STROUD,2
QUAKER,2
NOOK,2
OLD FORGE,2
ORANGE,2
PORTER,2
POLLARD,2
PETERBOROUGH,2
PILGRIM,2
PARKLAND,2
INTAKE,2
HOWDEN,2
KENWOOD,2
LINDSEY,2
LINLEY,2
LOVELL,2
MARLEY,2
MONA,2
HEXHAM,2
FERNLEA,2
FAIR,2
GRAIG,2
GODWIN,2
CYGNET,2
DRAYCOTT,2
EASTLEIGH,2
COLWYN,2
CORFE,2
CENTURY,2
BROOKHOUSE,2
BRIARWOOD,2
BROWN'S,2
BRAESIDE,2
BRADFIELD,2
BRACKLEY,2
BOLD,2
ANTHONY,2
ATKINSON,2
ATHELSTAN,2
ATLAS,2
AUGUSTA,2
BANGOR,2
APPLETREE,2
ALFORD,2
BRAEHEAD,2
BOWDEN,2
BETHEL,2
BEESTON,2
BROWNS,2
BRANKSOME,2
BROOKS,2
CALVERT,2
CALEDONIAN,2
CARTERS,2
CINDER,2
CRANE,2
DANIEL,2
DEREHAM,2
GARRICK,2
FERNDOWN,2
FOSSE,2
HOPTON,2
HADRIAN,2
GRESLEY,2
HALLAM,2
MORRISON,2
MID,2
MELFORD,2
LONGWOOD,2
LYME,2
LISMORE,2
LAWTON,2
KEW,2
HUGHES,2
IONA,2
PALM,2
PENNINGTON,2
NORTH END,2
NICHOLSON,2
NEW PARK,2
NAVIGATION,2
RADFORD,2
SELKIRK,2
ROWLEY,2
ROXBURGH,2
SALEM,2
ROTHBURY,2
SWINBURNE,2
SUNNYBANK,2
STREET,2
STOCKWELL,2
STANWAY,2
SISKIN,2
SLATER,2
SOUTHGATE,2
TAYLOR'S,2
WATERMILL,2
WELTON,2
WOODVALE,2
WINSLOW,2
WHITEHEAD,2
WHITE HART,2
WALLIS,2
WALMER,2
THORESBY,2
TROUTBECK,2
SOUTHEND,2
SPENSER,2
SHERINGHAM,2
SWALE,2
ROWLAND,2
SELBORNE,2
RABY,2
NEW BARN,2
NEWNHAM,2
OLDHAM,2
OLD MILITARY,2
PICKERING,2
PLATT,2
PIPER,2
OULTON,2
PARR,2
PENDLE,2
JOHNSTON,2
LAMBTON,2
LYSANDER,2
MAYNARD,2
MILES,2
MILLENNIUM,2
MONUMENT,2
HAMBLE,2
HARPER,2
GREAVES,2
GURNEY,2
HOLCOMBE,2
HAYNES,2
GATE,2
FULFORD,2
FRAMPTON,2
GOLF COURSE,2
GOLDCREST,2
DELPH,2
COLNE,2
COAL PIT,2
BRADBURY,2
BLACKWOOD,2
ALLINGTON,2
APPLEDORE,2
ANDREWS,2
ASHBURTON,2
BARON,2
BEAUMARIS,2
BEAUCHAMP,2
AVEBURY,2
BANCROFT,2
BANKSIDE,2
BAR,2
BARNSLEY,2
ALLENDALE,2
ALDRIDGE,2
AIREDALE,2
ABBOT,2
BLACKFRIARS,2
BENTINCK,2
BRICKFIELD,2
BURNLEY,2
CLARK,2
CHARTER,2
DEANS,2
CRANWELL,2
CROSSFIELD,2
CROSSLEY,2
EDGE,2
DONKEY,2
GOLDFINCH,2
FREEMAN,2
FERGUSON,2
FALLOWFIELD,2
HELSTON,2
HIGHWOOD,2
HONEYPOT,2
MIDHURST,2
LUTON,2
KNOWLES,2
KIRKLAND,2
KIRTON,2
LAUNCESTON,2
LATHAM,2
JORDAN,2
KIRKBY,2
INGLETON,2
PAGE,2
PORLOCK,2
OLD COACH,2
NINTH,2
NORTHERN,2
NETHER,2
SAMUEL,2
ROCHFORD,2
STAVELEY,2
ST STEPHENS,2
SPEY,2
SOUTHEY,2
ST BARNABAS,2
SPOUT,2
TITHE BARN,2
THE OLD,2
WELFORD,2
WOOTTON,2
YARMOUTH,2
WESTOVER,2
WALL,2
WADHAM,2
VIADUCT,2
THETFORD,2
TEES,2
SPITFIRE,2
STANSFIELD,2
ROOKWOOD,2
RUBY,2
QUEEN MARY,2
PRIORS,2
PRICE,2
RICHARDS,2
OLDBURY,2
NUFFIELD,2
KINROSS,2
KNIGHT,2
LINDALE,2
LUPIN,2
MALLOW,2
MORPETH,2
HEOL,2
HEADLAND,2
HALE,2
HANSON,2
ERMINE,2
EPPING,2
FESTIVAL,2
FRIDAY,2
GODFREY,2
GOLDEN,2
GRANGE PARK,2
DUCHESS,2
EBENEZER,2
DART,2
CHESHAM,2
CARTWRIGHT,2
CAUSEWAY,2
CLUB,2
COLES,2
CORBETT,2
CONDUIT,2
BRADGATE,2
ANVIL,2
BADMINTON,2
AZALEA,2
AYLESBURY,2
AVALON,2
ATTLEE,2
ATLANTIC,2
ASHWORTH,2
ALBEMARLE,2
ALLENBY,2
BLACKSMITH'S,2
BENT,2
BREACH,2
COOKE,2
CLEGG,2
CLEVEDON,2
CHELFORD,2
CRICKET,2
ELLEN,2
DURBAN,2
DUNCOMBE,2
DOWNHAM,2
GOLD,2
GIFFORD,2
GATEHOUSE,2
FIVE,2
EVEREST,2
HARBOROUGH,2
HAREFIELD,2
HARROGATE,2
HENDON,2
HORSHAM,2
MARIGOLD,2
MARMION,2
LOTHIAN,2
LEWES,2
KNOLL,2
KETTERING,2
IRIS,2
OLD PARK,2
NEPTUNE,2
NORTHBROOK,2
PINE TREE,2
PEARL,2
PARRY,2
PARKHURST,2
REFORM,2
RUSHTON,2
ST LUKES,2
ST ANDREW,2
SLEAFORD,2
SMEATON,2
SMITHFIELD,2
TATTON,2
TRENCHARD,2
VERNEY,2
WALDEN,2
WATTON,2
WOLD,2
WYCHWOOD,2
WYCLIFFE,2
WILLOW TREE,1
WENSLEY,1
WALSINGHAM,1
VILLA,1
TRELAWNEY,1
TRAFFORD,1
TINTAGEL,1
TERN,1
ST ANN'S,1
ST CATHERINE'S,1
STARLING,1
SUMMERHILL,1
STONECHAT,1
STEVENS,1
STORE,1
ROCKY,1
PRINCE OF WALES,1
RACECOURSE,1
OTTER,1
PHEASANT,1
HULL,1
JONES,1
LUTTERWORTH,1
MALTON,1
HORN,1
HAYDOCK,1
HATCH,1
FRENCH,1
FRANK,1
GLENCOE,1
GORSEY,1
CROYDON,1
CONVENT,1
CORMORANT,1
CORNFLOWER,1
COWSLIP,1
BUNKERS,1
BOAT,1
AINSDALE,1
APPROACH,1
AYR,1
BEAVER,1
BEECH TREE,1
ABERDEEN,1
ALDERLEY,1
BEVAN,1
BUCKFAST,1
BRITTEN,1
COUNTY,1
CLYDESDALE,1
COAST,1
CEFN,1
CRAB,1
DAM,1
DIGBY,1
ENGINE,1
EDISON,1
FENNEL,1
HALSTEAD,1
HALL FARM,1
HILDA,1
MADEIRA,1
LOWRY,1
MORLAND,1
MOUNTFIELD,1
MIMOSA,1
HUDDERSFIELD,1
HUXLEY,1
INVERNESS,1
LADY,1
LANE,1
POPLARS,1
NOBLE,1
ORKNEY,1
OLD BARN,1
PUDDING,1
REID,1
SEAFORTH,1
SERPENTINE,1
SUNNY BANK,1
SYDENHAM,1
ST CHAD'S,1
SPRINGBANK,1
SOMERTON,1
SLOUGH,1
TORRINGTON,1
TREFOIL,1
WEST HILL,1
WATFORD,1
WOLVERHAMPTON,1
WORKHOUSE,1
WOODHEAD,1
WILFRED,1
WEYMOUTH,1
WOODCOTE,1
WREXHAM,1
WATERS,1
TUNSTALL,1
THAME,1
SOMERS,1
SNOW,1
SHEEP,1
SHEEPWASH,1
SPARROW,1
ST CUTHBERT'S,1
SWINDON,1
SUNDEW,1
STOW,1
STOCKPORT,1
STADIUM,1
STANMORE,1
SALTERS,1
SARAH,1
ROEBUCK,1
ROCHDALE,1
ROTHERHAM,1
ROTHESAY,1
RIVERSDALE,1
PORTSMOUTH,1
PORTAL,1
PARKHILL,1
KITTIWAKE,1
LILY,1
LEYLAND,1
LEVER,1
ILEX,1
KERSHAW,1
MAYTREE,1
LOUGHBOROUGH,1
MARTON,1
HOLLIN,1
HAGG,1
GREENFINCH,1
HARRIET,1
HARTFORD,1
ETHELBERT,1
FAIRHOLME,1
FITZWILLIAM,1
FORTH,1
GLENBURN,1
DON,1
DUNDONALD,1
DIANA,1
DEER PARK,1
DEEP,1
CHANNEL,1
CARPENTERS,1
COCK,1
COLVILLE,1
CLEEVE,1
CHURCH HILL,1
COPPER BEECH,1
BUNTING,1
BULLFINCH,1
BYLAND,1
BETJEMAN,1
ADDINGTON,1
BARCLAY,1
BAYSWATER,1
ASHWELL,1
ACTON,1
BELLE,1
CIRCULAR,1
COLUMBINE,1
COALPIT,1
CAMELLIA,1
CEDARS,1
CHORLEY,1
CRICKETERS,1
CRISPIN,1
CUPAR,1
CROWTHER,1
DAHLIA,1
DUNSTABLE,1
DONNINGTON,1
EIDER,1
GILES,1
GARDNER,1
FIELDFARE,1
EXMOOR,1
EXMOUTH,1
HARGREAVES,1
HITCHIN,1
HILLFIELD,1
HONITON,1
HOLMESDALE,1
HELEN,1
MARLPIT,1
LUCAS,1
LYMINGTON,1
LUMB,1
MEETING HOUSE,1
MILK,1
MINERVA,1
KING WILLIAM,1
ISIS,1
HOYLAKE,1
LIME KILN,1
LINDRICK,1
LAXTON,1
POTTER,1
NEWBRIDGE,1
NORTHDOWN,1
NEATH,1
RAKE,1
RANGE,1
REGENTS,1
SHARP,1
STUDLEY,1
ST EDMUND'S,1
SILK,1
SKINNER,1
TANYARD,1
UNDERHILL,1
TINKER'S,1
WASDALE,1
VAUXHALL,1
WOLVERTON,1
WINSTANLEY,1
WILBERFORCE,1
WILLIAMSON,1
WESTLANDS,1
WOODWARD,1
UPPINGHAM,1
WANTAGE,1
WADE,1
WATTS,1
WAYSIDE,1
TONBRIDGE,1
TEASEL,1
SOLENT,1
SPUR,1
SQUIRES,1
STONEHOUSE,1
SWANSEA,1
STOCK,1
STAITHE,1
ST THOMAS'S,1
ST MATTHEWS,1
SEAFORD,1
SANDWICH,1
RIVERDALE,1
RANDALL,1
PRESTWICK,1
NEW INN,1
NEWGATE,1
NUTHATCH,1
NUTTALL,1
PENSHURST,1
PAUL,1
LADYWOOD,1
LEAFIELD,1
INDUSTRIAL,1
KINGSBRIDGE,1
MONK,1
MONTAGU,1
MEADOW VIEW,1
LYTTON,1
MARINERS,1
MALTING,1
MALPAS,1
MANOR PARK,1
HIGHGROVE,1
HIGHAM,1
HIGH STREET/STRYD,1
HINCKLEY,1
HOLLIES,1
HOE,1
HATHERLEY,1
GREENGATE,1
GREAT WESTERN,1
HALESWORTH,1
GRISEDALE,1
GRIZEDALE,1
EUROPA,1
FELTON,1
GABLES,1
GEORGIAN,1
FOXWOOD,1
ELDERBERRY,1
DALKEITH,1
CULVER,1
CRAG,1
CAE,1
CANON,1
CHURCH VIEW,1
COLLIERY,1
COMFREY,1
COWDRAY,1
CORNHILL,1
BINGHAM,1
BLACKWATER,1
BRAMBLING,1
BOWES,1
BUTCHERS,1
BUTCHER'S,1
BURROWS,1
BROUGHAM,1
BRIARFIELD,1
BRIDGEND,1
ADA,1
ALCESTER,1
ALAMEIN,1
ARAGON,1
ARBOUR,1
APPLEWOOD,1
AUSTEN,1
BAKEHOUSE,1
BALLARD,1
BARTLETT,1
BATHURST,1
BEDALE,1
BALLIOL,1
BALL,1
BADER,1
ATHERSTONE,1
ARMITAGE,1
AMERSHAM,1
BROOKLAND,1
BURNETT,1
BURDOCK,1
BOURNEMOUTH,1
BILBERRY,1
BLACKBIRD,1
BIRKBECK,1
COTE,1
COPPERFIELD,1
CLACTON,1
CLITHEROE,1
CANADA,1
CALIFORNIA,1
CARPENTER,1
CAWDOR,1
CASTLEHILL,1
CRANBORNE,1
CROOKED,1
DOCTORS,1
DAVENTRY,1
EASTGATE,1
EMILY,1
EMPRESS,1
DORKING,1
FREEHOLD,1
FRIAR,1
GERRARD,1
GATESIDE,1
FAR,1
FIELDS,1
FORTESCUE,1
FORSTER,1
FORSYTHIA,1
GREAT,1
GREEN LANE,1
GREENLANDS,1
HARWICH,1
HAWK,1
HARROWBY,1
HOLLOWAY,1
HOB,1
HILLHEAD,1
HOLYROOD,1
HORSLEY,1
HELENA,1
HAYWARD,1
MANSELL,1
MANTON,1
MARRIOTT,1
MARSHFIELD,1
MACAULAY,1
MAJOR,1
MAYPOLE,1
MATTHEWS,1
MEETING,1
MERCER,1
MILLBANK,1
MEYRICK,1
MEREDITH,1
MILLSTREAM,1
MUNRO,1
MOSLEY,1
KILMARNOCK,1
KERRY,1
HUNGERFORD,1
IRVINE,1
LIBRARY,1
LOCKWOOD,1
LLEWELLYN,1
LANGDON,1
PENDENNIS,1
ORFORD,1
OTLEY,1
PARK HILL,1
PARK ROAD,1
PINTAIL,1
PONTEFRACT,1
NORTHGATE,1
OLLERTON,1
SCHOFIELD,1
SHAY,1
SHEARWATER,1
SEVEN,1
ROTTEN,1
RYDER,1
SAGE,1
ROSSALL,1
ST MATTHEW'S,1
STANFIELD,1
STONEBRIDGE,1
SQUIRREL,1
ST EDMUNDS,1
SPALDING,1
SKYE,1
SHRUBBERY,1
SHIELDS,1
TANSY,1
THIRSK,1
THORNCLIFFE,1
THOMSON,1
THYME,1
TITHE,1
TREVITHICK,1
TOWNFIELD,1
UPPER HIGH,1
UPPER PARK,1
TULIP,1
TUNNEL,1
WEALD,1
WOODHILL,1
WILMOT,1
WHARFEDALE,1
WIGAN,1
WHITMORE,1
WHITTINGTON,1
WHITWELL,1
WILLINGTON,1
WILLIS,1
WHEAT,1
WHEELER,1
WISBECH,1
WOLFE,1
WOODS,1
WORTHING,1
YATES,1
WERN,1
WEMBLEY,1
WELLINGBOROUGH,1
WALLINGFORD,1
WAGGON,1
WARE,1
WALSALL,1
UXBRIDGE,1
VANCOUVER,1
TRENTHAM,1
TILBURY,1
TENTH,1
TERMINUS,1
TANGLEWOOD,1
TAMARISK,1
TEESDALE,1
SHEPHERD'S,1
SKYLARK,1
SILVERWOOD,1
SMITH'S,1
SOUTHWICK,1
ST CHRISTOPHERS,1
STOCKBRIDGE,1
SUNSET,1
SUMNER,1
ROTARY,1
ROSEHILL,1
ROGERS,1
SEABANK,1
SCOTTS,1
SCAFELL,1
SANDPIT,1
SALTER'S,1
SALOP,1
SANDGATE,1
PROGRESS,1
RETFORD,1
RIGBY,1
REGAL,1
REEVES,1
REDLAND,1
RAYLEIGH,1
ORDNANCE,1
POPES,1
PETREL,1
PETWORTH,1
PHILLIPS,1
PEMBURY,1
LAW,1
LAUGHTON,1
LAMBETH,1
LANARK,1
LOCH,1
ISLAND,1
IVOR,1
JACKSON'S,1
JACOBS,1
JANE,1
HUME,1
HUNTLY,1
KINGSFIELD,1
MONTPELIER,1
MOORHOUSE,1
MERRIVALE,1
MILDENHALL,1
MAUD,1
MEADOWBANK,1
MEADOWS,1
MEADOWSIDE,1
MEADOWSWEET,1
MEADS,1
MEDINA,1
MAIDEN,1
LUNDY,1
MARKHAM,1
MALTINGS,1
HIGHCLIFFE,1
HIGHVIEW,1
HILL CREST,1
HILL FARM,1
HARVARD,1
HARTFIELD,1
HARDMAN,1
HAMBLEDON,1
GREAT GEORGE,1
GRAY'S,1
GREVILLE,1
HALF MOON,1
FOUR,1
FONTWELL,1
FLORA,1
FILEY,1
FLASH,1
FERNHURST,1
FAIRFORD,1
GAWSWORTH,1
GERALD,1
FULLER,1
GILMOUR,1
GILPIN,1
GIBBS,1
DOG KENNEL,1
EAST PARK,1
EASBY,1
EMPIRE,1
DENNIS,1
DEPOT,1
CRAWLEY,1
DACRE,1
DAFFODIL,1
DAGMAR,1
CARRON,1
CAMELOT,1
CANONS,1
CHRIST CHURCH,1
CHUDLEIGH,1
CHERVIL,1
CLEVELEYS,1
CLARA,1
COCHRANE,1
COLEBROOK,1
COTTESMORE,1
COURTNEY,1
BICESTER,1
BINGLEY,1
BEULAH,1
BELLAMY,1
BELFRY,1
BELPER,1
BENEDICT,1
BOSCOMBE,1
BOYD,1
BODIAM,1
BUCCLEUCH,1
BURNET,1
BURNTHOUSE,1
BUTTERFIELD,1
BROOME,1
BREWER,1
AMESBURY,1
AMHERST,1
ALLAN,1
ALLISON,1
ACER,1
AGNES,1
AIRE,1
ASHES,1
ASHTREE,1
ANNIE,1
APRIL,1
APSLEY,1
ARLEY,1
APOLLO,1
ALVERSTONE,1
BALACLAVA,1
BECCLES,1
BATTERY,1
BASLOW,1
BATES,1
BARNHILL,1
BARHAM,1
BAWTRY,1
BAY TREE,1
BEAR,1
BALK,1
BANKHEAD,1
ASTER,1
AUTUMN,1
ASHRIDGE,1
ADELPHI,1
ALNWICK,1
ALISON,1
ALFRETON,1
BRIARS,1
BRANTWOOD,1
BRIGG,1
BRIDLINGTON,1
BRIDPORT,1
BRIDGWATER,1
BROCKLEY,1
BROADOAK,1
BURN,1
BURNABY,1
BROWNHILL,1
BOLEYN,1
BLAKENEY,1
BOTTOM,1
BRAINTREE,1
BRADWELL,1
BERKSHIRE,1
BELLS,1
BIRD,1
BLACK HORSE,1
COVERDALE,1
CORN,1
CORBY,1
CORAL,1
COOK'S,1
CONINGSBY,1
COLEMAN,1
COLESHILL,1
COLLIERS,1
COLWELL,1
CLUMBER,1
CLAYPIT,1
CHERTSEY,1
CENTENARY,1
CHANDLER,1
CAREW,1
CAISTOR,1
CARLETON,1
CARMARTHEN,1
CASTLE HILL,1
CAVALIER,1
DALESIDE,1
DALBY,1
CUNLIFFE,1
CROWLAND,1
CRANFIELD,1
CROFTERS,1
CREWE,1
DEER,1
DOCTOR'S,1
DESBOROUGH,1
DALMENY,1
DANES,1
DARTFORD,1
ENDSLEIGH,1
ELMORE,1
EARLS,1
DUNLOP,1
DOWNSVIEW,1
DOWNLAND,1
DRAKES,1
GLEBELANDS,1
GLENTHORNE,1
GOUGH,1
GOLF LINKS,1
GRAYS,1
FRIARY,1
FRENSHAM,1
FREMANTLE,1
GENEVA,1
GASKELL,1
FYFIELD,1
GARNET,1
GARNETT,1
FAIRHAVEN,1
EVERTON,1
FELSTEAD,1
FAVERSHAM,1
FAKENHAM,1
FARRIER,1
FARLEIGH,1
FARLEY,1
FISHERS,1
FINCHLEY,1
FERNLEIGH,1
FERNWOOD,1
HALFPENNY,1
HADLEY,1
GRIMSHAW,1
GRENFELL,1
GREYSTOKE,1
GREYSTONE,1
GRETTON,1
GREENWICH,1
HAMPSTEAD,1
HARDWICKE,1
HAUGH,1
HOUGH,1
HORNCASTLE,1
HOLYHEAD,1
HEWITT,1
HAWKSWORTH,1
HAZELDENE,1
HAZELHURST,1
MANNING,1
LYDFORD,1
MAFEKING,1
MADISON,1
MACCLESFIELD,1
MABEL,1
LOWLANDS,1
LOWER PARK,1
LOVERS,1
LONGCROFT,1
MEON,1
MILDMAY,1
MILLER'S,1
MERTHYR,1
MOORS,1
MOORCROFT,1
MILVERTON,1
MOLYNEUX,1
MOSELEY,1
MULGRAVE,1
KING EDWARD'S,1
KELSEY,1
KELSO,1
INGHAM,1
HYACINTH,1
IRWELL,1
JAY,1
JEFFERSON,1
JACK,1
INSTITUTE,1
KNAPP,1
KIRKSTALL,1
PARNELL,1
PARKERS,1
PARKGATE,1
PETERS,1
PERSHORE,1
ORION,1
ORMSKIRK,1
OLD POST OFFICE,1
NORTHLANDS,1
OCEAN,1
OBAN,1
NETLEY,1
NORMANBY,1
REDRUTH,1
REIGATE,1
RIDDINGS,1
PRIVATE,1
PRESTBURY,1
RANWORTH,1
RAEBURN,1
QUEEN VICTORIA,1
SANDHILL,1
ROMFORD,1
ROBSON,1
ROOK,1
ROTHER,1
ROSEMOUNT,1
RYTON,1
RUSSETT,1
SULLIVAN,1
STUDLAND,1
SWAFFHAM,1
STOCKING,1
STRAND,1
ST AIDAN'S,1
ST AUSTELL,1
SOUTHBROOK,1
SOHO,1
SIMONS,1
SKELTON,1
SHENLEY,1
TANHOUSE,1
THANET,1
THORNLEY,1
THRUSH,1
THURLOW,1
TOLL BAR,1
TOWN FARM,1
TOWCESTER,1
TWICKENHAM,1
UNIVERSITY,1
VIEW,1
VICTORIA PARK,1
WALTERS,1
WARDEN,1
WARBURTON,1
WAGTAIL,1
WAINWRIGHT,1
WALFORD,1
WESTERHAM,1
WEDGEWOOD,1
WATT,1
WASHDYKE,1
YARDLEY,1
YEWTREE,1
WORKSOP,1
WITNEY,1
WHEELERS,1
WHARNCLIFFE,1
WHARTON,1
WESTMORELAND,1
WINCHCOMBE,1
WILD,1
WHITTON,1
WESTLEIGH,1
WHEELWRIGHT,1
WHINCHAT,1
WHINFIELD,1
WHITBURN,1
WITHY,1
WOLLASTON,1
WOODBANK,1
WINTERBOURNE,1
YEATS,1
YEOVIL,1
WROXHAM,1
YARBOROUGH,1
ZION,1
YORKSHIRE,1
WARLEY,1
WASTE,1
WEDGWOOD,1
WEAR,1
WESTCROFT,1
WESTHILL,1
WALMSLEY,1
WALKERS,1
VERBENA,1
TYNEDALE,1
ULVERSTON,1
TURNSTONE,1
TOWNHEAD,1
TOWNLEY,1
TOM,1
TORBAY,1
THURSTON,1
THE WALLED,1
TANNER,1
TALL,1
SYKES,1
SHUTE,1
SHIPLEY,1
SHIPTON,1
SINGLETON,1
SNOWBERRY,1
SOUTH PARK,1
ST AUGUSTINE'S,1
ST CHRISTOPHER'S,1
ST DUNSTAN'S,1
ST HELENS,1
ST HILDA'S,1
STONES,1
STRODE,1
SUTCLIFFE,1
SUGAR,1
STANDARD,1
STAG,1
STAPLEFORD,1
STEEL,1
STERLING,1
ST OSWALD'S,1
ST PATRICK'S,1
ST PETER,1
RUBENS,1
ROYAL OAK,1
ROEDEAN,1
RONALD,1
SANDERSON,1
SANDERLING,1
SAVERNAKE,1
SAVILE,1
SELBOURNE,1
SHADY,1
QUINTON,1
RAVENS,1
RAVENSCROFT,1
PRESCOT,1
PRESCOTT,1
PROVOST,1
RIBBLESDALE,1
RITCHIE,1
RENFREW,1
RAWSON,1
NORMANTON,1
NEWHOUSE,1
NEWINGTON,1
NANTWICH,1
NEWCOMBE,1
NEWCOMEN,1
NEW MARKET,1
OBERON,1
OAKRIDGE,1
NORTHWICK,1
OLD MANOR,1
ORTON,1
PINGLE,1
PORCHESTER,1
PORTMAN,1
PADDOCKS,1
PENFOLD,1
PENISTONE,1
KIRKHILL,1
KNOX,1
LANCING,1
LADYWELL,1
LARCHWOOD,1
LANGLANDS,1
LARKHILL,1
LOBELIA,1
LITTLEFIELD,1
LINWOOD,1
LEVENS,1
JENNINGS,1
HUNTLEY,1
ICKNIELD,1
HUNTSMANS,1
HUMBERSTONE,1
HUGHENDEN,1
KAREN,1
KILBURN,1
KIDDERMINSTER,1
KINGSBURY,1
KINGSWAY,1
MURIEL,1
MUSEUM,1
MOUNT VIEW,1
MINTON,1
MOFFAT,1
MILLSTONE,1
MONKTON,1
MERCURY,1
MERVYN,1
LONGMEAD,1
LORDS,1
LOOP,1
LOWE,1
LUKE,1
MANSEL,1
MAPLETON,1
MANBY,1
MALDEN,1
MARIA,1
MARYLAND,1
HAZELMERE,1
HEAD,1
HEADLEY,1
HEMPSTEAD,1
HEAP,1
HERONS,1
HIGHFIELDS,1
HIGHBRIDGE,1
HIGH VIEW,1
HIGH HOUSE,1
HOLMFIELD,1
HOPKINS,1
HIND,1
HOLE,1
HAWKSHEAD,1
HAMPSON,1
HANDLEY,1
HAMLET,1
GREEN END,1
GREYHOUND,1
FERRERS,1
FINDON,1
FITZALAN,1
FITZGERALD,1
FLAT,1
FIRTH,1
FOLKESTONE,1
FOXHILL,1
FOXLEY,1
FARINGDON,1
EYRE,1
FAIRLAWN,1
ERW,1
GARRETT,1
GARDENERS,1
GALLOWS,1
GALSWORTHY,1
GATCOMBE,1
FULLERTON,1
GLOVERS,1
GLYN,1
DRIFT,1
DOMINION,1
DOULTON,1
DUNMOW,1
DUNNOCK,1
DUNHAM,1
DUFF,1
EDGEWARE,1
EDGEWORTH,1
ELAN,1
DAVEY,1
DAWES,1
DEAD,1
DEVIZES,1
DEWSBURY,1
DICKSON,1
CREST,1
CROOK,1
CROMFORD,1
DALLAS,1
CYRIL,1
CUTHBERT,1
CARSON,1
CARR HOUSE,1
CARRIAGE,1
CABLE,1
CENTRE,1
CHEADLE,1
CHIPPENHAM,1
CIVIC,1
COAL,1
COLSTON,1
CONGLETON,1
CONRAD,1
COPE,1
COPPER,1
COTMAN,1
COVERT,1
COURT FARM,1
BERTRAM,1
BEXHILL,1
BELFIELD,1
BENBOW,1
BLADON,1
BLACKTHORNE,1
BLACKHORSE,1
BLACKMORE,1
BLOSSOM,1
BUCKTHORN,1
BUNGAY,1
BUNYAN,1
BURDETT,1
BURMA,1
BURNT HOUSE,1
BUSHEY,1
BUTLERS,1
BROADWATER,1
BRINDLE,1
BRIDGNORTH,1
BRAY,1
BREAM,1
BRIAN,1
ADRIAN,1
ANCASTER,1
AILSA,1
AINSWORTH,1
ABBOTT,1
ASHDENE,1
ARUN,1
AUGUSTUS,1
BAMPTON,1
BAMBURGH,1
BAINBRIDGE,1
BADEN,1
BAYTREE,1
BAYVIEW,1
BEALE,1
BAY VIEW,1
BATTLE,1
BECKET,1
BARKER'S,1
BARNSTAPLE,1
BARNWELL,1
BARNWOOD,1
BARING,1
BARBER,1
BARONS,1
BARRACKS,1
BARTHOLOMEW,1
BASIL,1
BEECH HILL,1
BEEHIVE,1
BACK CHURCH,1
BANNISTER,1
ASTBURY,1
AUBREY,1
ARNCLIFFE,1
ARMADALE,1
ALWYN,1
ANNESLEY,1
ABERCORN,1
ABERDARE,1
ACLAND,1
ACRES,1
AITKEN,1
ADMIRALTY,1
ALFRISTON,1
BRETT,1
BRAYBROOKE,1
BROCK,1
BROMSGROVE,1
BROADMEAD,1
BROUGH,1
BROW,1
BYROM,1
BYFIELD,1
BURWELL,1
BULWER,1
BURGH,1
BURE,1
BUDE,1
BUCK,1
BUCHAN,1
BLANTYRE,1
BLUNDELL,1
BLACKPOOL,1
BRAMBER,1
BRAMHALL,1
BOULTON,1
BOX,1
BENTHAM,1
BERTHA,1
BERKLEY,1
BELVIDERE,1
BELLFIELD,1
BIRCHES,1
BETHESDA,1
BERWYN,1
BLACKBROOK,1
BLACKDOWN,1
BIRLEY,1
COUNTESS,1
COVE,1
COURTLAND,1
COPELAND,1
COOPER'S,1
COPTHORNE,1
CONSTANCE,1
CONDOR,1
COBURG,1
CHURCHFIELDS,1
CLAUDE,1
CLEMENTS,1
CHILHAM,1
CHERRYWOOD,1
CHERRY ORCHARD,1
CHELWOOD,1
CHEDDAR,1
CHEETHAM,1
CHAIN,1
CADOGAN,1
CAITHNESS,1
CALDWELL,1
CANFORD,1
CAMPDEN,1
CARNEGIE,1
CAT,1
CATHEDRAL,1
CROUCH,1
CRUMMOCK,1
CRICHTON,1
CREDITON,1
CRANBERRY,1
DENVER,1
DENISON,1
DEAL,1
DAWN,1
DARBY,1
DARNLEY,1
DAMSON,1
DANBY,1
EFFINGHAM,1
ECCLES,1
ELMGROVE,1
ELMDALE,1
ELM GROVE,1
ELM PARK,1
ELLINGTON,1
ENSTONE,1
EMERSON,1
EMERY,1
ELPHINSTONE,1
DULVERTON,1
EASEDALE,1
EARLE,1
DUXFORD,1
DYFFRYN,1
DYSON,1
DOVEHOUSE,1
GLOBE,1
GLENCAIRN,1
GLANVILLE,1
GIRTON,1
GISBURN,1
GIBRALTAR,1
GORTON,1
FULWOOD,1
FRINTON,1
FROGMORE,1
FOXES,1
GIBBET,1
GERARD,1
GANTON,1
ESK,1
ERICA,1
FAIRMEAD,1
EWART,1
FAIRWAYS,1
FARNBOROUGH,1
FAWCETT,1
FAWLEY,1
FOXTON,1
FORDHAM,1
FORREST,1
FIRWOOD,1
FIRBANK,1
FINSBURY,1
FIELDING,1
GRIFFITHS,1
GROVELANDS,1
GRUNDY,1
GUERNSEY,1
HALFORD,1
HALES,1
GREEN PARK,1
GREENDALE,1
GREENOCK,1
HARLOW,1
HAWKHURST,1
HART'S,1
HOCKLEY,1
HODGE,1
HILLINGDON,1
HILLCROFT,1
HORSE,1
HOLTON,1
HONISTER,1
HEVER,1
HEYFORD,1
HIDCOTE,1
HEALEY,1
HELMSDALE,1
HELMSLEY,1
HEADCORN,1
HEADINGLEY,1
HAYLING,1
MASSEY,1
MARSHAM,1
MARDEN,1
MARGATE,1
MALTKILN,1
MAPLEWOOD,1
MANVERS,1
LOW MOOR,1
LOWESWATER,1
LOWER CHURCH,1
LOWER HIGH,1
LORING,1
LONGRIDGE,1
MADELEY,1
MACKENZIE,1
MEWS,1
MERIDEN,1
MILLS,1
MILE,1
MILESTONE,1
MERCHANT,1
MELBURY,1
MEDLAR,1
MEADOWFIELD,1
MILNE,1
MINDEN,1
MIRY,1
NANSEN,1
MULLION,1
MORVEN,1
MORDEN,1
KIRKDALE,1
KINGSDALE,1
KIELDER,1
KINETON,1
KEIGHLEY,1
KEITH,1
KEMBLE,1
HULME,1
HURRICANE,1
HYLTON,1
JAMESON,1
JACKDAW,1
JAMAICA,1
IRVING,1
LEACH,1
LLWYN,1
LOMBARDY,1
LOCKSLEY,1
LOGAN,1
LARKIN,1
LAGGAN,1
KNUTSFORD,1
PATERSON,1
PALATINE,1
PALL,1
PARK HALL,1
PALMERS,1
POPE,1
PIPIT,1
PLANE,1
PENRHYN,1
ORMONDE,1
OLD MAIN,1
OLD HOUSE,1
OAKBANK,1
OGDEN,1
OLD BRIDGE,1
NEW BRIDGE,1
NEW CROSS,1
NEW HALL,1
NEWHALL,1
NEWBOLD,1
NAYLOR,1
NEALE,1
NATAL,1
NESS,1
NOEL,1
NORTH PARK,1
RAVENSWORTH,1
REDLANDS,1
REDHOUSE,1
REMBRANDT,1
REDSHANK,1
RIVINGTON,1
RIDING,1
PROCTOR,1
PUFFIN,1
PRIEST,1
RAVENSDALE,1
RAINHAM,1
QUEENSBERRY,1
QUEENSWOOD,1
SEVENOAKS,1
SHAMROCK,1
SHANKLIN,1
SAXBY,1
SCHOLARS,1
SCHOOLHOUSE,1
SANCTUARY,1
SANDALWOOD,1
ROPER,1
ROYD,1
ROYDS,1
ROYLE,1
ROW,1
ST SAVIOUR'S,1
ST PAUL,1
STEPHENS,1
STATION ROAD,1
STAPLEHURST,1
STRATHAVEN,1
STONEHILL,1
SOUTH HILL,1
SOUTHBOURNE,1
SOUTHFIELDS,1
SPINDLE,1
SNIPE,1
SKIDDAW,1
SKINNERS,1
SMALL,1
SHUTTLE,1
SILVERTON,1
SHELTON,1
TAME,1
TAN HOUSE,1
TANFIELD,1
TARN,1
TARRAGON,1
TEIGNMOUTH,1
TEMPERANCE,1
TEMPEST,1
THEATRE,1
THORNTREE,1
THORNEY,1
TINKERS,1
TITCHFIELD,1
TOWERS,1
TURNERS,1
TROWBRIDGE,1
USK,1
UTTOXETER,1
VERE,1
VALLEY VIEW,1
WADDINGTON,1
WALDEGRAVE,1
WANSBECK,1
WAREHAM,1
WESTCOTT,1
WELSH,1
WATERHOUSE,1
WOODBERRY,1
WOODLEA,1
WORTHINGTON,1
WORTLEY,1
WHITECROFT,1
WHEATCROFT,1
WHITTAKER,1
WHITEGATE,1
WHITETHORN,1
WIDGEON,1
WINCHELSEA,1
