Name,Weight
A,5
A-Jay,5
Aaban,4
Aadam,90
Aaden,5
Aadhav,5
Aadhi,6
Aadhiran,5
Aadi,11
Aadil,17
Aadit,4
Aadiv,3
Aadvik,8
Aahad,4
Aahan,14
Aahid,4
Aahil,91
Aajay,3
Aakash,4
Aakif,4
Aaliyan,6
Aamer,3
Aamir,9
Aanav,5
Aaqil,5
Aaraf,3
Aaran,12
Aarash,3
Aarav,123
Aaravdeep,6
Aaren,6
Aari,16
Aarian,4
Aarib,6
Aarin,18
Aaris,6
Aarish,12
Aariv,6
Aariyan,16
Aariz,61
Aarlo,5
Aaroh,3
Aaron,481
Aarudh,3
Aarun,3
Aarush,26
Aarvik,6
Aarvin,3
Aaryan,63
Aaryav,4
Aaryn,4
Aasem,3
Aashir,3
Aashrith,3
Aathiran,6
Aavi,3
Aayan,76
Aayansh,9
Aayush,11
Abanob,3
Abbas,30
Abd,3
Abdalla,10
Abdallah,14
Abdel,3
Abdifatah,4
Abdimalik,4
Abdirahman,26
Abdishakur,3
Abdoul,5
Abdoulaye,4
Abdoulie,4
Abdul,214
Abdul-Ahad,11
Abdul-Haadi,10
Abdul-Hadi,10
Abdul-Hakeem,4
Abdul-Kareem,10
Abdul-Malik,4
Abdul-Mateen,3
Abdul-Raheem,14
Abdul-Rahim,3
Abdul-Rahman,8
Abdul-Rehman,4
Abdul-Sami,3
Abdulahad,8
Abdulahi,3
Abdulaziz,15
Abdulhadi,6
Abdulkadir,3
Abdulkarim,7
Abdullah,278
Abdullahi,23
Abdulmalik,11
Abdulraheem,8
Abdulrahman,33
Abdulsamad,3
Abdulwahab,4
Abdulwali,3
Abdur,24
Abdur-Raheem,5
Abdur-Rahman,19
Abdurahman,15
Abdurrahim,4
Abdurrahmaan,4
Abdurrahman,46
Abe,9
Abeer,3
Abel,301
Abel-Jax,3
Abhay,5
Abhijot,3
Abhimanyu,5
Abhinav,3
Abhiraj,3
Abhiram,5
Abid,5
Abie,3
Abir,8
Abner,5
Aboubacar,3
Abraham,84
Abrahim,3
Abram,12
Abrar,13
Abrian,3
Absalom,3
Abu,43
Abu-Bakr,9
Abu-Hurairah,5
Abubacarr,3
Abubakar,23
Abubaker,3
Abubakr,36
Abuzar,4
Abyan,4
Ace,163
Acer,29
Aceson,3
Achilleas,4
Achilles,11
Achim,18
Acre,5
Ada,3
Adam,"1,367"
Adama,3
Adamas,10
Adan,17
Adar,3
Adas,14
Addison,37
Adebare,3
Adebayo,5
Adedamola,4
Adedeji,4
Adeeb,4
Adeel,9
Adeen,5
Adel,9
Adelin,8
Adem,29
Ademide,6
Ademola,5
Aden,31
Adeoluwa,3
Adham,8
Adharv,6
Adhiraj,4
Adhiyan,3
Adhrit,8
Adhrith,3
Adhvik,8
Adi,12
Adiel,6
Adil,37
Adison,3
Adithya,8
Aditya,17
Adiyan,5
Adiyat,4
Adler,6
Adley,18
Adnaan,3
Adnan,37
Adom,3
Adomas,14
Adonai,6
Adonay,5
Adonis,44
Ador,7
Adrian,188
Adrianas,3
Adriano,12
Adrians,3
Adriel,38
Adrien,11
Advait,8
Advaith,8
Advay,5
Advik,36
Adyaan,9
Adyan,37
Aedan,6
Aeron,8
Aeson,4
Aether,5
Afaan,3
Afan,5
Affaan,6
Affan,15
Afnaan,3
Afnan,6
Afolabi,3
Afonso,18
Afrahim,4
Agam,20
Agambir,5
Agamdeep,5
Agamjot,9
Agamveer,6
Agaran,3
Agastya,24
Aggelos,7
Ahaan,21
Ahad,58
Ahan,4
Aharan,5
Aharon,9
Ahil,13
Ahiyaan,4
Ahmad,186
Ahmadou,6
Ahmed,254
Ahmet,12
Ahnaf,13
Ahron,10
Ahsaan,3
Ahsan,13
Ahyaan,3
Ahyan,16
Aidan,289
Aiden,469
Aiden-James,3
Aidric,3
Aihan,6
Ailbe,3
Aiman,10
Aimen,3
Ainsley,5
Aithan,3
Aiyan,3
Aiyaz,4
Aiyden,3
Aizen,10
Aj,34
Ajaib,4
Ajan,6
Ajani,7
Ajax,9
Ajay,42
Ajeet,11
Ajit,11
Ajmal,3
Ajus,6
Akaal,14
Akaran,5
Akari,4
Akash,10
Akay,3
Akbar,3
Akeel,5
Akeem,15
Akhil,3
Aki,4
Akilan,3
Akim,23
Akin,3
Akira,6
Akiva,14
Akos,5
Akram,32
Aksel,14
Aksh,4
Akshar,6
Akshay,5
Akshayan,4
Al,11
Al-Amin,3
Alakai,4
Alan,127
Alanas,3
Alaric,9
Alasdair,17
Alastair,35
Alaz,11
Alban,15
Albee,5
Alben,3
Albert,"1,091"
Albert-James,3
Alberto,24
Albey,7
Albi,53
Albie,"1,729"
Albie-Beau,3
Albie-George,6
Albie-Jack,4
Albie-James,18
Albie-Jax,4
Albie-Jay,8
Albie-John,6
Albie-Lee,9
Albion,6
Alborz,4
Albus,6
Alby,72
Alby-Lee,3
Alden,15
Aldo,10
Aldous,3
Aldrin,3
Alec,55
Aleczander,3
Aled,10
Aleem,11
Alejandro,22
Alek,7
Aleks,24
Aleksandar,14
Aleksander,141
Aleksandr,14
Aleksandrs,3
Aleksei,4
Aleksej,3
Aleksey,3
Aleksi,3
Alen,5
Alesio,5
Alessandro,61
Alessio,38
Alex,474
Alexandar,3
Alexander,"1,830"
Alexandr,8
Alexandre,24
Alexandro,4
Alexandros,50
Alexandru,128
Alexei,7
Alexi,6
Alexios,5
Alexis,15
Alf,5
Alffi,7
Alfie,"2,338"
Alfie-George,7
Alfie-Jack,4
Alfie-James,32
Alfie-Jay,10
Alfie-Joe,5
Alfie-John,5
Alfie-Lee,5
Alfie-Ray,6
Alfie-William,3
Alfonso,7
Alfred,739
Alfredo,7
Alhaji,4
Alhassan,3
Ali,399
Ali-Asghar,5
Alias,6
Alieu,3
Alihan,4
Alijah,17
Alim,6
Alin,8
Alishan,3
Alistair,64
Alister,7
Aliyaan,11
Aliyan,7
Aliyar,14
Aliyas,3
Allan,12
Allen,4
Almir,6
Alonso,10
Alonzo,8
Aloysius,5
Alp,6
Alparslan,13
Alper,3
Alperen,3
Alpha,6
Altan,3
Altay,4
Alteo,9
Alvar,3
Alvaro,8
Alvey,86
Alvi,11
Alvie,48
Alvin,33
Alwyn,6
Alyaan,16
Alyan,10
Alyas,3
Amaan,47
Amaar,8
Amad,4
Amadeo,4
Amadeus,4
Amadou,3
Aman,26
Amani,5
Amanuel,5
Amar,46
Amare,5
Amari,167
Amarii,7
Amaris,7
Amaro,4
Amarri,4
Amay,8
Amaziah,4
Ambrose,25
Amedeo,3
Ameen,15
Ameer,28
Amen,12
Amer,7
Amias,17
Amiel,3
Amin,31
Amine,8
Amir,187
Amiri,5
Amitai,3
Amitoj,3
Amjad,6
Ammaar,4
Ammar,43
Amos,65
Amr,4
Amraj,4
Amrik,3
Amrit,14
Amza,10
An,5
Anakin,9
Anand,6
Anant,5
Anas,99
Anaser,14
Anastasios,5
Anay,10
Ander,8
Anders,9
Anderson,15
Andi,10
Andile,3
Andre,64
Andrea,12
Andreas,58
Andrei,124
Andrej,4
Andres,12
Andrew,162
Andrew-James,3
Andrew-John,3
Andrey,9
Andrius,3
Andy,37
Aneirin,10
Anes,6
Aneurin,23
Angad,21
Angel,24
Angelo,67
Angelos,4
Angus,139
Anhad,3
Anik,3
Anirudh,6
Anis,9
Anish,5
Anmol,3
Ansel,7
Ansh,17
Ansi,5
Anson,6
Antek,3
Anthony,269
Anthony-James,5
Anthony-John,4
Anthony-Junior,3
Antoine,7
Anton,44
Antoni,149
Antonio,113
Antonios,5
Antony,29
Anuj,6
Anvay,4
Anvit,7
Anwar,10
Aodhan,7
Apollo,33
Aqeel,4
Aqib,11
Arad,7
Araf,9
Arafat,9
Aram,10
Aramis,7
Aran,29
Araoluwa,3
Aras,41
Arash,8
Arav,6
Araz,10
Arbaaz,3
Arber,9
Arbie,6
Arbor,6
Archer,308
Archi,4
Archibald,86
Archibold,3
Archie,"2,928"
Archie-Daniel,3
Archie-James,20
Archie-Jay,7
Archie-John,3
Archie-Lee,18
Archie-Ray,6
Archit,4
Archy,4
Arda,7
Arden,30
Ardie,3
Areeb,7
Areen,7
Arees,3
Areez,7
Arel,10
Aren,38
Ares,43
Arfan,3
Arhaam,6
Arhaan,18
Arham,128
Arhan,7
Arhum,6
Ari,160
Aria,5
Ariaan,3
Arian,41
Arib,4
Aric,3
Arie,10
Ariel,24
Aries,5
Arif,10
Arijus,14
Arik,4
Arin,33
Arinze,6
Ario,15
Arion,11
Aris,62
Arish,13
Ariston,5
Aristotelis,5
Arius,4
Ariyan,37
Ariz,13
Arjan,62
Arjen,3
Arjun,137
Arjuna,6
Arjunan,3
Arkan,6
Arlan,5
Arlee,4
Arlen,57
Arley,48
Arli,5
Arlie,33
Arlin,3
Arlind,4
Arlis,4
Arlo,"2,154"
Arlo-Gray,5
Arlo-Jai,3
Arlo-James,35
Arlo-Jax,6
Arlo-Jay,14
Arlo-John,7
Arlo-Lee,5
Arlow,9
Arlowe,6
Arly,3
Armaan,69
Arman,34
Armand,7
Armandas,4
Armando,4
Armani,15
Armin,21
Arnas,3
Arnav,9
Arne,8
Arnie,98
Arno,7
Arnold,49
Aro,8
Aron,107
Aronas,21
Arqam,3
Arran,30
Arren,3
Arron,14
Arrow,6
Arry,4
Arsal,3
Arsalan,9
Arsam,3
Arsen,8
Arsenie,3
Arsh,9
Arsha,5
Arshan,6
Arshdeep,3
Arshmaan,3
Arshman,11
Arshpreet,3
Arslan,6
Art,14
Arta,4
Arte,4
Artem,11
Artemis,14
Artemus,6
Arth,4
Arthen,4
Arthor,4
Arthur,"3,766"
Arthur-George,3
Arthur-James,17
Arthur-John,10
Arthur-Lee,4
Arthur-Thomas,5
Arthur-William,3
Arti,4
Artie,60
Artin,12
Artiom,9
Artjom,3
Arto,4
Artur,49
Arturo,8
Arty,7
Artyom,5
Arun,20
Arush,3
Arveer,4
Arvid,7
Arvie,3
Arvin,32
Arwin,4
Arwyn,13
Ary,3
Arya,14
Aryaan,28
Aryan,152
Aryeh,6
Aryo,3
Arzaan,3
Asa,78
Asad,22
Asael,4
Asaiah,7
Asees,5
Asen,4
Aser,5
Asfand,4
Asger,4
Ash,28
Asha,4
Ashar,14
Asher,305
Ashfaq,3
Ashir,3
Ashish,3
Ashley,74
Ashley-Junior,4
Ashraf,8
Ashton,122
Ashvik,6
Ashvin,3
Ashwin,20
Asif,4
Asil,5
Asim,16
Aslam,4
Aslan,24
Aspen,7
Asser,7
Aster,7
Aston,60
Aswin,3
Ata,7
Atanas,4
Ates,4
Athanasios,15
Atharv,26
Atharva,19
Athavan,4
Athiran,3
Atif,5
Atilla,3
Atlas,155
Atley,4
Atreus,16
Atreyu,5
Atticus,118
Attila,14
Attlee,3
Auben,3
Aubin,3
Aubrey,67
Auden,15
Audie,3
Audley,4
August,89
Augustas,9
Auguste,7
Augustin,12
Augustine,10
Augustus,24
Aum,3
Aun,9
Aurel,9
Aurele,3
Aurelian,3
Aurelio,13
Aurelius,10
Auron,4
Auryn,4
Austen,10
Austin,481
Austyn,4
Avaan,4
Avan,5
Aveer,16
Aven,4
Avery,96
Avesta,4
Avi,39
Avik,10
Avin,4
Avinash,3
Avir,6
Aviraaj,3
Aviraj,30
Avitaaz,3
Avner,3
Avraam,3
Avraham,7
Avraj,9
Avram,11
Avrohom,16
Avrumi,8
Avyaan,46
Avyan,18
Avyay,4
Avyukt,12
Awaab,3
Awab,6
Awad,3
Awais,23
Awil,3
Aws,3
Axel,411
Axel-James,3
Axell,5
Axl,34
Axle,3
Axon,3
Axton,22
Ayaan,390
Ayaansh,11
Ayaaz,6
Ayad,7
Ayan,217
Ayansh,19
Ayash,6
Ayaz,63
Ayce,5
Aydan,31
Ayden,149
Aydin,98
Ayen,3
Ayham,9
Ayhan,8
Aylan,6
Ayman,105
Aymen,15
Ayo,4
Ayobami,3
Ayodeji,5
Ayodele,3
Ayomide,17
Ayomikun,4
Ayon,3
Ayoub,34
Ayron,3
Ayrton,31
Ayson,3
Ayub,76
Ayush,17
Ayuub,4
Ayvan,3
Ayven,8
Ayyan,10
Ayyub,91
Ayzaan,3
Azaan,144
Azad,16
Azahel,4
Azai,11
Azaiah,21
Azam,4
Azan,19
Azar,3
Azarel,3
Azari,18
Azariah,23
Azayah,3
Azeem,12
Azeez,5
Azel,4
Azer,3
Azhaan,6
Azhar,6
Aziah,24
Aziel,26
Azim,7
Aziz,18
Azlaan,15
Azlan,52
Azmi,4
Azrael,8
Azriel,12
Azuolas,7
Baby,22
Badr,7
Bailee,5
Bailey,213
Bailey-James,4
Bailey-Jay,3
Baker,5
Balaaj,3
Balaj,3
Balraj,4
Balthazar,4
Bam,3
Bana,3
Bane,4
Banks,11
Banksy,3
Baran,18
Barclay,3
Barnabas,17
Barnaby,222
Barney,195
Barnie,9
Barry,9
Barsam,3
Bartek,7
Bartholomew,12
Bartley,3
Bartlomiej,3
Bartosz,20
Basem,3
Bashir,3
Bashkim,3
Basil,28
Basit,4
Bastian,7
Batu,4
Bawan,7
Baxter,33
Bay,4
Bayan,4
Baylee,4
Bayley,5
Baz,3
Bazil,3
Bear,108
Bear-Beau,3
Beau,507
Beauden,88
Beaumont,7
Beaux,5
Beck,16
Beckett,18
Bedwyr,3
Behram,3
Bekir,3
Bela,3
Belal,3
Bellamy,9
Ben,128
Benaiah,6
Benas,27
Bence,7
Benedek,3
Benedict,57
Benedikt,3
Benediktas,4
Benett,6
Beni,4
Beniamin,22
Benicio,9
Benjamim,6
Benjamin,"1,423"
Benji,30
Bennett,15
Benni,3
Bennie,11
Benny,39
Benson,9
Bentley,56
Benyameen,4
Benyamin,17
Beorn,5
Berat,3
Beren,5
Berish,5
Berkan,4
Berkay,4
Bernard,41
Bernardo,21
Bernie,30
Bert,3
Bertie,246
Bertram,17
Bertrand,4
Berty,3
Berwyn,3
Betzalel,3
Bezalel,3
Bhagat,3
Bhargav,4
Bhodi,4
Bihaan,3
Bilaal,6
Bilal,83
Bill,11
Billie,5
Billy,446
Billy-James,3
Billy-Jay,3
Billy-Joe,14
Billy-Lee,4
Billy-Ray,4
Billyjoe,3
Binyamin,9
Binyomin,12
Bjorn,55
Blade,3
Blaine,10
Blair,8
Blaise,14
Blaize,4
Blake,771
Blakeley,3
Blakely,14
Blayke,10
Blayne,5
Blaze,9
Blazej,3
Bleddyn,5
Bless,4
Blessing,5
Bleu,41
Bligh,12
Blu,23
Blue,27
Bluey,4
Bo,25
Boaz,26
Bobbi,6
Bobbie,22
Bobby,772
Bobby-George,4
Bobby-Jack,3
Bobby-James,6
Bobby-Joe,6
Bobby-Lee,9
Bobi,11
Bode,8
Boden,41
Bodey,4
Bodhi,404
Bodi,7
Bodie,60
Boe,15
Bogdan,31
Bohdan,3
Bohden,6
Bohdi,18
Bohdie,3
Boiken,5
Bojidar,3
Bolan,3
Bora,5
Boran,3
Boris,39
Borislav,4
Borys,11
Bosco,6
Boston,17
Bow,6
Bowden,3
Bowe,4
Bowen,40
Bowie,78
Boycie,4
Boyd,3
Bozhidar,6
Brad,7
Braden,6
Bradley,175
Brady,27
Brae,6
Braiden,6
Braidy,3
Bram,12
Bramwell,4
Bran,5
Brandon,72
Brandon-Lee,3
Brax,9
Braxton,26
Bray,9
Brayan,12
Brayden,51
Brayden-Lee,3
Braydon,14
Brayen,7
Braylen,11
Braylon,15
Brayson,7
Brendan,16
Brendon,12
Brennan,5
Brennen,3
Brett,9
Brian,79
Bright,5
Brinley,11
Brixton,3
Brock,8
Brodee,4
Broden,4
Brodey,5
Brodhi,4
Brodi,18
Brodie,381
Brodie-Lee,14
Brodie-Rae,3
Brody,645
Brody-Lee,17
Brody-Ray,3
Brogan,15
Broly,7
Bron,5
Bronson,6
Brook,6
Brooklyn,65
Brooks,16
Bruce,49
Bruk,5
Bruno,98
Bryan,55
Bryce,15
Brychan,3
Brydon,3
Bryn,23
Brynley,7
Bryson,36
Buckley,4
Buddie,4
Buddy,107
Buddy-Bear,3
Bude,3
Bugsy,5
Bulut,3
Burak,9
Buraq,4
Burhan,15
Burhanuddin,3
Buruk,4
Busby,7
Buster,14
Buzz,14
Byron,38
C,3
Caben,11
Cadan,5
Cade,34
Caden,48
Caeden,3
Caelan,70
Caeleb,4
Caelen,4
Caerwyn,4
Caesar,6
Cai,56
Caian,3
Caiden,38
Cailan,5
Cain,21
Caine,5
Caio,28
Cairo,113
Cairon,5
Caison,7
Caius,15
Cal,3
Calaeb,6
Caleb,758
Calen,5
Cali,7
Calin,3
Calix,6
Callahan,4
Callan,30
Callen,14
Callum,292
Calum,11
Calvin,57
Camden,18
Cameron,284
Camille,3
Camilo,8
Campbell,8
Camren,3
Camron,5
Can,8
Canaan,3
Caolan,13
Carl,11
Carlisle,6
Carlo,26
Carlos,22
Carlton,6
Carlton-Junior,3
Carmello,4
Carmelo,11
Carol,8
Carsen,4
Carson,153
Carson-Jai,3
Carson-James,5
Carson-Lee,3
Carter,825
Carter-Jae,4
Carter-James,13
Carter-Jay,11
Carter-John,10
Carter-Lee,9
Carter-Ray,5
Carwyn,8
Casen,6
Casey,130
Casey-James,5
Cash,28
Casian,23
Casimir,3
Cason,8
Caspar,77
Casper,251
Caspian,67
Cass,25
Cassian,74
Cassidy,14
Cassiel,4
Cassius,167
Castiel,16
Catalin,5
Cathal,4
Cato,4
Cauley,3
Cavalli,5
Cavan,11
Cavani,4
Cayde,14
Cayden,48
Caylan,3
Caylen,3
Caylus,3
Cayson,23
Cecil,4
Cedar,4
Cedric,16
Ceejay,11
Cellan,3
Celt,12
Celyn,11
Cezar,32
Cezary,11
Chace,8
Chad,4
Chadwick,4
Chaim,43
Chaitanya,3
Chance,22
Charan,3
Charlee,4
Charles,639
Charley,9
Charlie,"2,674"
Charlie-James,5
Charlie-Jay,5
Charlie-Joe,4
Charlie-John,3
Charlie-Ray,6
Charvik,5
Chase,122
Chaudhry,3
Chay,7
Chayce,6
Chayse,7
Che,17
Cheikh,3
Cheskel,3
Chesky,11
Chester,680
Chester-James,3
Chester-Lee,4
Chiagoziem,3
Chibueze,5
Chibuikem,5
Chidera,4
Chidiebube,3
Chidubem,3
Chigozirim,3
Chimdindu,3
Chinedu,3
Chinedum,7
Chris,26
Christ,3
Christian,190
Christo,4
Christofer,3
Christopher,287
Christopher-Junior,3
Christos,17
Christy,6
Chukwuebuka,3
Chukwuemeka,3
Chukwuka,4
Cian,136
Ciaran,35
Cieran,3
Cihan,4
Cillian,168
Cinar,3
Ciprian,6
Ciro,4
Cj,12
Cjay,6
Clarence,7
Clark,45
Clarke,17
Claudio,6
Clay,68
Claye,3
Clayton,54
Clayton-James,3
Clement,17
Clifford,3
Clive,4
Clyde,6
Coady,10
Coban,4
Cobe,4
Coben,6
Cobey,9
Cobi,12
Cobie,33
Coby,167
Coby-James,6
Coby-Lee,3
Codee,4
Codey,11
Codi,7
Codie,15
Cody,449
Cody-James,9
Cody-Lee,12
Cody-Leigh,3
Coen,43
Cohan,20
Cohen,93
Colbie,9
Colby,136
Colby-James,3
Colby-Lee,5
Cole,265
Coleton,3
Colin,34
Collins,3
Colm,3
Colman,3
Colson,22
Colt,21
Colton,58
Colton-Lee,4
Conall,20
Conan,28
Conlan,3
Connah,5
Connall,3
Connell,15
Conner,8
Connor,293
Conor,163
Conrad,17
Constantin,23
Constantine,16
Cooper,393
Cooper-James,5
Corbyn,4
Corey,150
Corin,10
Cormac,26
Cornelius,8
Cory,37
Cosimo,6
Cosmin,8
Cosmo,45
Costantino,3
Courtney,4
Cove,10
Craig,14
Cree,28
Creed,35
Crew,17
Cristi,4
Cristian,46
Cristiano,7
Cru,7
Crue,9
Cruise,3
Cruiz,4
Cruize,9
Cruz,170
Cruze,31
Csongor,4
Cub,5
Cullen,12
Curtis,41
Cuthbert,3
Cyril,4
Cyro,3
Cyrus,56
D'Andre,3
Daanish,3
Dafydd,15
Daire,5
Daithi,4
Daivik,6
Daiwik,5
Dakari,4
Dakota,12
Daksh,9
Dale,9
Daley,3
Dallas,12
Dalton,48
Dalton-James,3
Damari,9
Damian,164
Damian-Andrei,3
Damien,52
Damilare,3
Damion,5
Damir,31
Damon,33
Dan,13
Dana,5
Danas,6
Dane,7
Daneer,3
Dani,10
Danial,5
Daniel,"1,150"
Daniel-James,4
Daniel-John,6
Daniel-Junior,7
Daniele,3
Danielis,3
Danielius,15
Daniels,7
Daniil,5
Danilo,5
Danish,10
Daniyaal,6
Daniyal,51
Danny,114
Dannylee,4
Dante,71
Danyaal,5
Danyal,38
Danylo,3
Daoud,9
Dara,23
Darby,6
Darcy,13
Darian,19
Darien,3
Darin,6
Dario,33
Darion,3
Daris,4
Darius,133
Darius-Andrei,3
Darnell,3
Darragh,25
Darren,19
Darrin,3
Darsh,6
Darshan,4
Darwin,17
Daryan,5
Daryl,5
Dash,7
Dashiel,3
Dashiell,10
Dastan,5
Dastin,3
Daud,15
Dave,10
Davi,21
Davian,4
David,961
David-Alexandru,4
David-Andrei,10
David-Gabriel,7
David-James,5
David-Junior,3
David-Stefan,3
Davide,10
Davin,9
Davis,6
Davy,3
Davyn,3
Dawid,40
Dawit,6
Dawood,26
Dawoud,18
Dawsey,4
Dawson,69
Dawud,109
Dax,33
Daxon,5
Daxton,18
Daya,5
Dayan,3
Daylen,4
Dayton,6
Dayyan,7
Deacon,55
Deaglan,3
Dean,64
Deandre,3
Declan,112
Deegan,4
Deen,68
Deep,4
Deian,4
Deimantas,5
Deinas,4
Deio,12
Deividas,4
Deivids,3
Del,3
Delton,3
Demian,3
Demid,3
Demilade,3
Demir,15
Dempsey,6
Denas,13
Denby,3
Deniel,3
Deniro,3
Denis,135
Denis-Ionut,3
Denislav,4
Deniz,57
Denley,6
Denni,9
Dennie,5
Dennis,126
Dennis-John,3
Denny,49
Denver,46
Denys,3
Denzel,23
Deon,27
Deontae,3
Deontay,6
Deonte,4
Derek,19
Derick,8
Derin,4
Derrick,8
Deryn,3
Deshawn,3
Desmond,11
Destiny,6
Deus,3
Dev,26
Devan,19
Devansh,17
Devarsh,3
Deven,6
Devin,20
Devis,3
Devlin,4
Devon,28
Devontae,6
Devonte,4
Devyan,3
Dewan,4
Dewi,22
Dex,7
Dexter,427
Deyan,3
Dhanush,4
Dheeran,6
Dhiaan,5
Dhian,6
Dhilan,5
Dhillon,4
Dhiyan,5
Dhrish,4
Dhru,3
Dhruv,35
Dhruva,4
Dhruvansh,3
Dhven,3
Dhyaan,3
Dhyan,11
Dhyey,6
Diaco,3
Diako,3
Diamond,4
Dian,5
Diar,7
Diego,96
Digby,33
Dilan,33
Dilanas,4
Dilawar,3
Diljot,5
Dillan,12
Dillon,63
Dilraj,9
Dilsher,5
Dima,5
Dimitar,14
Dimitri,8
Dimitrie,8
Dimitrios,13
Dimitris,8
Dinis,5
Dino,4
Diogo,8
Dion,73
Dior,22
Divine,9
Divit,4
Divyan,3
Diyaan,7
Diyako,3
Diyan,25
Diyar,9
Diyon,5
Diyor,3
Django,3
Dmitri,3
Dmitry,3
Dolton,8
Dom,4
Domantas,5
Domas,14
Domenic,4
Domenico,7
Dominic,504
Dominic-Andrei,3
Dominic-Ionut,3
Dominick,7
Dominik,146
Dominykas,19
Don,3
Donald,8
Donnacha,8
Donnie,26
Donny,19
Donovan,11
Dontae,7
Dontay,5
Donte,5
Dorian,47
Doruk,6
Doug,4
Dougie,130
Douglas,223
Dov,15
Dovi,3
Dovid,10
Dovydas,4
Draco,6
Drae,4
Dragos,21
Drake,10
Drayton,3
Dre,7
Dren,3
Drew,41
Drin,4
Dru,3
Duarte,8
Dudley,4
Duggie,3
Duke,19
Dumitru,8
Duncan,13
Duran,3
Dusan,3
Dustin,13
Dusty,6
Dwayne,11
Dwij,4
Dyfan,11
Dylan,"1,099"
Dylan-Lee,3
Eamon,6
Eamonn,6
Ean,4
Earl,4
Easah,4
Eashan,3
Eason,10
Easton,13
Eban,12
Eben,30
Ebenezer,14
Ebrahim,14
Ebrima,4
Ebubechi,3
Echo,4
Edan,18
Eddie,241
Eddison,39
Eddy,17
Eden,227
Ederson,4
Edgar,34
Edi,3
Edin,5
Edison,126
Ediz,5
Edmond,6
Edmund,42
Edoardo,24
Edon,3
Edrees,3
Edris,6
Edryd,3
Edson,5
Eduard,81
Eduard-Stefan,3
Eduardo,24
Edvin,4
Edvinas,3
Edward,"1,806"
Edwin,74
Edwyn,10
Eesa,293
Eesaa,7
Eesah,18
Eessa,3
Efan,32
Efe,16
Efosa,3
Efraim,12
Efrem,9
Egan,3
Ege,6
Ehaan,7
Ehab,7
Ehan,17
Ehsaan,4
Ehsan,16
Eidan,3
Eiden,10
Eifion,3
Eijaz,3
Einar,3
Eisa,49
Eisah,5
Eissa,4
Eitan,4
Eithan,5
Eivor,3
Ekam,36
Ekamjot,10
Ekampreet,5
Ekamveer,6
Ekansh,3
Ektoras,6
El,6
Elan,6
Elbie,3
Elchonon,5
Eldar,3
Elden,4
Eldon,6
Eleazar,5
Eleftherios,3
Elfyn,5
Elgan,7
Elhadj,3
Elham,4
Eli,570
Eli-James,3
Elia,6
Eliab,16
Eliah,5
Eliakim,3
Eliam,5
Elian,31
Elias,547
Eliasz,3
Elie,4
Eliezer,11
Eligh,8
Elija,4
Elijah,"1,657"
Elijah-Blu,3
Elijah-James,9
Elijah-Jay,5
Elijah-Lee,10
Elijah-Thomas,3
Elijus,7
Elio,67
Elion,5
Elios,3
Eliot,20
Eliots,3
Eliott,11
Elis,147
Elisei,32
Eliseo,6
Elisha,20
Eliud,4
Eliya,4
Eliyahu,3
Eliyas,14
Eliyohu,6
Eljay,5
Ellery,6
Ellias,9
Elliot,664
Elliott,564
Ellis,670
Ellison,14
Eloghosa,3
Elohim,3
Elon,16
Elroi,5
Elroy,5
Elton,12
Elvin,13
Elvis,29
Elwin,3
Elwood,33
Elwyn,6
Ely,3
Elyan,7
Elyas,47
Elyon,6
Elys,6
Emaan,4
Emad,8
Emanuel,37
Emanuele,3
Emeka,5
Emeric,3
Emerson,58
Emery,8
Emi,3
Emil,50
Emile,30
Emilian,9
Emiliano,12
Emilio,73
Emilis,11
Emils,5
Emin,13
Emir,51
Emirhan,3
Emlyn,8
Emmanuel,125
Emmerson,4
Emmet,5
Emmett,56
Emory,5
Emrah,3
Emre,33
Emris,5
Emrys,58
Emyr,3
Enda,5
Endri,3
Enea,10
Eneko,3
Enes,16
Eniola,4
Enis,7
Ennio,5
Ennis,4
Eno,4
Enoch,19
Enoh,6
Enrico,13
Enrique,7
Enver,3
Enys,6
Enze,3
Enzo,380
Enzo-Lee,3
Eoghan,11
Eoin,42
Ephraim,15
Ephriam,3
Erald,4
Eray,7
Erdem,4
Eren,26
Erez,3
Erfan,3
Eric,437
Eric-Stefan,3
Erick,35
Erik,151
Erikas,4
Erin,6
Erion,3
Eris,10
Erkan,3
Ermias,17
Ermis,3
Ernest,153
Ernesto,10
Ernie,136
Eron,6
Eros,7
Errol,11
Ertugrul,4
Ervin,6
Eryk,24
Esa,52
Esam,4
Esca,7
Eshaan,15
Eshan,15
Espen,5
Esrom,6
Essa,36
Essam,3
Essien,4
Esteban,5
Etanas,3
Ethan,"1,398"
Ethan-James,5
Ethan-Jay,3
Ethaniel,4
Etienne,26
Ettore,9
Euan,56
Eugene,20
Euros,3
Evaan,12
Evan,343
Evanas,15
Evander,24
Evangelos,5
Evans,4
Evansh,3
Everest,11
Everett,26
Evin,3
Evren,7
Ewan,109
Excel,4
Eyaad,3
Eyad,36
Eyal,4
Eyan,5
Eyas,3
Eydan,3
Eyden,5
Eyitayo,3
Eymen,14
Eyob,3
Eyup,3
Ezaan,6
Ezan,5
Ezana,6
Eze,5
Ezechiel,3
Ezekiah,4
Ezekiel,198
Ezel,11
Ezequiel,3
Ezio,6
Ezra,"1,226"
Ezra-James,6
Ezra-John,3
Ezrah,16
Ezri,11
Ezriel,4
Faaiz,6
Faaris,11
Faateh,3
Fabian,102
Fabio,16
Fadi,4
Faelan,3
Fahad,24
Fahd,4
Faheem,7
Fahim,6
Faisal,18
Faiz,11
Faizaan,10
Faizan,32
Falcon,5
Faolan,3
Faraz,4
Fardeen,3
Fareed,4
Fares,11
Farhan,26
Faris,66
Fariz,4
Farley,6
Farris,3
Faruk,3
Farzan,3
Fateh,37
Fatehveer,10
Faustas,4
Fawad,6
Fawaz,4
Fayaaz,3
Fayyaz,3
Fazal,5
Federico,26
Fedor,3
Feliks,15
Felipe,6
Felix,807
Fenix,10
Fenn,14
Fennick,3
Fenrir,9
Fenton,9
Ferdinand,15
Fergus,66
Ferguson,3
Fernando,16
Feroze,4
Ferran,3
Ferris,5
Ffredi,6
Filip,290
Filippo,20
Filippos,6
Finan,13
Finbar,6
Finbarr,5
Finch,7
Findlay,13
Findley,3
Fineas,5
Finian,3
Finlay,293
Finlee,8
Finley,"2,283"
Finley-George,4
Finley-James,6
Finley-Jay,3
Finley-Ray,3
Finlo,3
Finn,788
Finnan,14
Finnbar,6
Finneas,10
Finnegan,10
Finnian,33
Finnick,6
Finnlay,9
Finnley,171
Fintan,7
Fionn,61
Firas,4
Flavio,7
Flavius,5
Fletcher,135
Flint,6
Floki,3
Florian,27
Florin,11
Floyd,8
Flynn,223
Foday,3
Foden,3
Folarin,3
Ford,8
Forest,65
Forrest,69
Fox,74
Foxx,11
Fraiser,4
Fraizer,3
Francesco,57
Francie,6
Francis,246
Francisco,37
Franciszek,81
Franco,43
Francois,3
Franek,17
Frank,285
Franki,5
Frankie,920
Frankie-James,4
Frankie-Jay,4
Frankie-Joe,3
Frankie-Lee,11
Frankie-Ray,3
Franklin,184
Franklyn,10
Franky,48
Frantisek,3
Fraser,164
Frazer,36
Frazier,7
Fred,67
Freddi,3
Freddie,"2,873"
Freddie-George,3
Freddie-James,16
Freddie-Jay,8
Freddie-Joe,4
Freddie-John,4
Freddie-Lee,9
Freddie-Ray,6
Freddy,161
Frederic,21
Frederick,"1,017"
Frederico,8
Frederik,19
Fredi,4
Fredric,3
Fredrick,56
Fredrik,22
Frey,9
Friedrich,4
Fryderyk,6
Furqan,5
Future,3
Fyfe,4
Fynley,9
Fynn,32
Fynnley,4
Gabe,3
Gabor,3
Gabriel,749
Gabriele,16
Gabrielis,3
Gabrielius,19
Gabriels,4
Gadi,3
Gael,17
Gaius,3
Gareth,5
Gary,19
Gaspard,8
Gaston,3
Gaurav,5
Gavin,19
Gavriel,8
Gene,32
Genesis,6
Geo,3
Geoffrey,12
Geordie,4
George,"4,141"
George-James,3
Georgi,31
Georgie,71
Georgios,18
Georgy,4
Geraint,3
Gerald,8
Gerard,23
Gerrard,8
Gerry,6
Gethin,30
Gethyn,5
Ghaith,7
Ghazi,3
Ghulam,4
Giaan,6
Giacomo,10
Gian,12
Gianluca,11
Gianni,12
Gibril,4
Gideon,32
Gil,8
Gilbert,22
Giles,8
Gino,12
Gintaras,3
Gio,18
Giorgio,30
Giovani,4
Giovanni,55
Giuliano,3
Giulio,10
Giuseppe,10
Glauk,5
Glen,3
Glenn,7
Glyn,3
Glyndwr,3
Gniewko,3
Godstime,3
Godwin,3
Goncalo,6
Goran,3
Gordon,10
Govind,3
Graceson,3
Gracious,3
Gracjan,3
Grady,4
Graeson,3
Graham,18
Graison,3
Grant,9
Grantas,4
Gray,51
Grayson,903
Grayson-James,10
Grayson-Jay,3
Grayson-Lee,10
Greg,3
Gregor,6
Gregory,26
Grey,21
Greyson,131
Greyson-Lee,3
Griff,23
Griffin,35
Griffith,7
Griffydd,3
Grigore,5
Gruff,15
Gruffudd,8
Gruffydd,42
Gryff,9
Gryffin,3
Gryffyn,4
Grzegorz,8
Guido,3
Guilherme,9
Guillermo,3
Guled,3
Gulled,3
Guney,3
Gunnar,12
Gunner,3
Guntaj,4
Guransh,3
Gurbaaj,7
Gurbaaz,38
Gurbaj,4
Gurfateh,32
Gurjaap,4
Gurjot,6
Gurmaan,3
Gurman,8
Gurmukh,4
Gurnihal,3
Gurniwaj,3
Gurniwaz,10
Gurnoor,7
Gursahib,4
Gursanjh,5
Gurshaan,7
Gurshabad,10
Gurtaj,8
Gurvansh,3
Gurveer,15
Gurvir,6
Gurwaris,3
Gus,39
Gustas,9
Gustav,10
Gustavo,6
Gustaw,6
Guto,12
Guy,38
Gwern,4
Gwilym,17
Gwion,10
Gwyn,4
Gyan,5
Haadi,35
Haaris,34
Haarith,5
Haashir,5
Habeeb,3
Habib,16
Hadi,61
Hadid,5
Hadlee,3
Hadleigh,6
Hadley,89
Hadrian,3
Hafiz,3
Hagen,3
Haidar,12
Haiden,15
Haider,113
Haider-Ali,4
Haigen,3
Haitham,14
Hakan,12
Hakeem,49
Hakim,25
Hakon,3
Hal,8
Haleem,5
Halen,3
Halil,4
Hallam,3
Halo,3
Hamaad,3
Hamad,9
Hamdaan,3
Hamdan,18
Hamid,9
Hamidou,3
Hamilton,7
Hamish,107
Hammad,24
Hamno,3
Hamza,275
Hamzah,57
Han,6
Hanaan,4
Hanad,3
Hanan,4
Haneef,3
Hani,8
Hanish,3
Hank,8
Hannaan,3
Hans,6
Hanson,8
Hanzala,10
Hanzalah,10
Hao,4
Haralambos,3
Harald,3
Harbor,4
Harbour,8
Hardin,6
Hardy,8
Harees,3
Harfateh,6
Hargun,4
Hari,75
Haris,142
Harish,4
Harith,5
Harjan,3
Harjap,3
Harjas,4
Harkirat,5
Harlan,66
Harland,3
Harlee,12
Harleigh,4
Harlem,16
Harlen,40
Harley,501
Harley-James,10
Harley-Jay,14
Harley-Joe,3
Harlie,3
Harlin,3
Harlo,13
Harlow,65
Harlyn,8
Harman,12
Harnoor,5
Harold,13
Haron,5
Haroon,55
Haroun,15
Harper,32
Harrai,4
Harri,105
Harrie,8
Harris,145
Harrison,"1,254"
Harrison-James,3
Harrison-Lee,6
Harry,"3,089"
Harry-Jay,4
Harry-Lee,7
Harsh,7
Harshaan,3
Harshiv,13
Hart,4
Hartaj,3
Hartley,8
Harun,34
Harveer,10
Harvey,627
Harvey-Jay,6
Harvey-John,3
Harvey-Lee,8
Harvi,6
Harvie,10
Harvin,9
Harvir,6
Hasan,62
Haseeb,16
Hashem,4
Hashim,76
Hashir,36
Hasib,3
Hasnain,26
Hassan,153
Hatim,7
Havi,3
Hayan,3
Haydar,3
Hayden,172
Hayder,7
Haydn,13
Hayes,8
Haysam,3
Haytham,14
Hayyan,3
Haze,4
Haziq,10
Heath,78
Hector,185
Heet,6
Heitor,9
Hektor,4
Helio,3
Helios,4
Hemil,3
Henderson,6
Hendricks,4
Hendrik,4
Hendrix,155
Hendry,3
Henley,55
Henos,5
Henri,54
Henrik,13
Henrique,12
Henry,"2,912"
Henry-George,3
Henry-James,8
Henry-Joe,3
Henry-John,3
Henryk,32
Henson,4
Herb,3
Herbert,39
Herbie,51
Herkus,26
Hero,10
Hersh,3
Hershel,5
Hershy,11
Hesam,3
Hesham,3
Heston,8
Hetvik,6
Hewad,3
Hezekiah,21
Hezron,3
Hilton,6
Himmat,15
Hira,3
Hirad,3
Hiro,3
Hishaam,3
Hisham,12
Hiyaan,5
Hiyab,7
Hiyan,4
Hoang,3
Holden,21
Holland,4
Hollis,3
Honor,3
Hoodh,3
Horace,3
Horatio,9
Hosea,6
Howard,12
Howie,9
Hridaan,5
Hriday,6
Hridhaan,4
Hristian,4
Hristiyan,3
Hristo,6
Hubert,39
Huckleberry,4
Hud,6
Hudhaifa,3
Hudhayfah,6
Hudson,"1,069"
Hudson-Grey,3
Hudson-James,10
Hudson-Lee,11
Huey,26
Hugh,97
Hughey,3
Hughie,103
Hugo,"1,325"
Hugo-George,4
Hugo-James,6
Hukam,10
Humaid,3
Humayl,4
Humayun,4
Humphrey,11
Humza,16
Humzah,3
Hunain,9
Hunter,"1,042"
Hunter-Jack,3
Hunter-James,16
Hunter-Jax,3
Hunter-Jay,7
Hunter-John,11
Hunter-Lee,20
Hunter-Ray,5
Hunter-Reign,3
Husain,8
Husayn,19
Husein,3
Huseyin,9
Husnain,14
Hussain,106
Hussam,5
Hussayn,9
Hussein,27
Hussnain,5
Huthaifah,3
Huw,26
Huxlee,3
Huxley,149
Huzaifa,69
Huzaifah,25
Huzayfa,3
Huzayfah,4
Huzayl,3
Hyder,5
Hywel,6
Iacob,4
Iacov,5
Iago,6
Iain,4
Ian,70
Iancu,5
Ianis,77
Ianis-Andrei,3
Ianto,11
Iasonas,5
Ibaad,6
Ibraaheem,4
Ibraheem,95
Ibrahim,580
Ibrahima,4
Ibrar,3
Icarus,4
Iden,3
Idrees,92
Idris,317
Idriss,4
Idrissa,3
Iestyn,16
Ieuan,14
Ifan,21
Ifeanyichukwu,3
Iggy,9
Ignacio,8
Ignacy,44
Ignatius,8
Igor,44
Ihaan,3
Ihsaan,12
Ihsan,15
Ike,7
Ikechukwu,5
Ikenna,5
Ikram,4
Ilan,13
Ilham,3
Ilhan,6
Ilian,4
Ilias,21
Ilie,4
Ilijah,4
Iliya,8
Iliyas,5
Illan,3
Ilya,9
Ilyaan,5
Ilyaas,13
Ilyan,8
Ilyas,151
Ilyes,3
Imaad,7
Imaan,4
Imad,5
Imam,4
Iman,7
Imani,4
Imanuel,3
Imisioluwa,3
Immanuel,19
Imraan,6
Imran,57
Indi,5
Indiana,28
Indie,9
Indigo,18
Indra,9
Indy,27
Inigo,8
Inioluwa,3
Iniyan,4
Innes,7
Ioachim,9
Ioan,69
Ioannis,17
Iolo,5
Ion,13
Ionatan,13
Ionut,17
Iori,10
Iosif,44
Iosua,16
Ira,23
Irah,7
Iremide,9
Ireoluwa,10
Iretomiwa,4
Irfan,5
Iroh,6
Irtaza,10
Is'Haaq,11
Is'Haq,5
Isa,124
Isaac,"1,888"
Isaac-James,4
Isaak,8
Isaam,8
Isaaq,6
Isac,10
Isacc,3
Isah,3
Isaia,10
Isaiah,316
Isaias,4
Isak,5
Isaq,3
Ishaan,77
Ishaaq,44
Ishan,17
Ishaq,46
Ishar,4
Ishir,3
Ishmael,12
Isiah,24
Islam,10
Isma'Il,5
Ismaeel,95
Ismael,45
Ismail,148
Israel,60
Israr,3
Isreal,3
Issa,55
Issac,96
Issah,3
Istvan,5
Iulian,4
Iustin,23
Ivaan,38
Ivan,164
Ivar,78
Ivaylo,5
Iven,4
Iver,14
Iverson,4
Ivo,47
Ivor,45
Iwan,12
Iyaan,8
Iyad,7
Iyan,5
Iyaz,3
Izaac,11
Izaak,9
Izaan,53
Izahaak,3
Izaiah,49
Izak,8
Izan,6
Izaya,3
Izayah,9
Izhaan,46
Izhan,3
Iziah,11
Iziyah,3
Izrael,4
Izsak,3
Izyaan,10
Izyan,18
Izzy,6
Jaad,3
Jaap,3
Jabari,5
Jabbar,4
Jabez,3
Jabir,4
Jabril,4
Jac,70
Jace,126
Jachin,3
Jack,"2,847"
Jack-James,11
Jack-Junior,7
Jackson,607
Jackson-James,3
Jackson-Jay,3
Jackson-John,4
Jaco,3
Jacob,"2,319"
Jacob-James,6
Jacob-John,3
Jacob-Lee,4
Jacobi,3
Jacoby,7
Jacques,8
Jacson,4
Jacub,3
Jad,31
Jade,3
Jaden,59
Jadon,37
Jaeden,4
Jafar,4
Jagger,29
Jago,83
Jagraj,3
Jagveer,6
Jah'Mari,3
Jahaan,4
Jahan,6
Jahaziel,3
Jaheem,3
Jaheim,7
Jahkai,5
Jahlani,4
Jahmari,16
Jahmiel,5
Jahziah,9
Jai,45
Jaice,3
Jaiden,72
Jaiden-Lee,3
Jaidon,9
Jaikaar,4
Jaime,16
Jaimie,3
Jair,3
Jairus,4
Jaiteg,3
Jaiveer,7
Jaivin,6
Jaivir,3
Jaiyan,6
Jak,10
Jake,553
Jake-Junior,4
Jakey,3
Jakob,47
Jakobi,3
Jaks,3
Jaksh,3
Jakub,168
Jalal,6
Jaleel,3
Jalen,10
Jalil,7
Jama,4
Jamaal,13
Jamal,50
Jamari,12
Jameel,16
James,"1,772"
James-Dean,6
James-John,6
James-Junior,12
Jameson,40
Jamie,342
Jamie-Junior,7
Jamie-Lee,5
Jamil,13
Jan,122
Janek,4
Jannik,4
Janos,4
Japnoor,4
Jared,26
Jarnail,3
Jaron,4
Jarrod,3
Jarvis,10
Jase,8
Jashan,5
Jasiah,8
Jasim,5
Jaskaran,4
Jaskirat,5
Jason,251
Jaspar,3
Jasper,742
Jasraj,6
Jastin,4
Jasveer,3
Jathniel,4
Javan,3
Javi,3
Javier,23
Jawad,13
Jax,485
Jax-James,7
Jaxen,16
Jaxon,"1,210"
Jaxon-Gray,3
Jaxon-James,17
Jaxon-Jay,7
Jaxon-John,7
Jaxon-Lee,10
Jaxsen,3
Jaxson,420
Jaxson-James,5
Jaxson-Jay,3
Jaxson-Lee,3
Jaxson-Leigh,3
Jaxton,5
Jaxx,91
Jaxxon,33
Jay,84
Jay-Jay,21
Jay-Junior,5
Jayaan,3
Jayan,16
Jayce,55
Jaycen,3
Jaydan,12
Jayden,576
Jayden-James,11
Jayden-John,5
Jayden-Lee,12
Jaydon,20
Jayen,5
Jayjay,8
Jaylan,7
Jaylen,49
Jaylon,4
Jayson,35
Jayveer,3
Jaziah,6
Jaziel,5
Jazz,3
Jean,9
Jed,15
Jedaiah,4
Jedd,3
Jediah,6
Jedidiah,18
Jeevan,42
Jeff,6
Jefferson,3
Jeffery,3
Jeffrey,15
Jelani,9
Jem,8
Jenish,5
Jensen,169
Jenson,579
Jenson-James,4
Jenson-Jay,3
Jenson-John,3
Jeremi,5
Jeremiah,144
Jeremiasz,3
Jeremy,41
Jeriah,5
Jericho,5
Jermaine,6
Jerome,12
Jerry,19
Jersey,3
Jerzy,5
Jesiah,6
Jesper,4
Jesse,929
Jesse-James,19
Jesse-John,6
Jessie,6
Jessy,4
Jesus,3
Jet,4
Jethro,14
Jett,96
Jettson,10
Jevon,3
Jiaan,3
Jian,8
Jibraeel,12
Jibrael,3
Jibrail,3
Jibran,4
Jibreel,38
Jibril,16
Jidenna,19
Jim,12
Jimi,9
Jimmie,8
Jimmy,116
Jimmy-Dean,3
Jimmy-Lee,4
Jimmydean,4
Jin,3
Jireh,7
Jiyaan,8
Jiyan,16
Jiyansh,9
Jj,16
Jo,3
Joachim,7
Joah,8
Joakim,3
Joan,3
Joao,19
Joaquim,8
Joaquin,15
Joash,6
Joban,5
Jobe,6
Jobey,4
Jobie,6
Joby,8
Jocelyn,3
Jodh,6
Jody,4
Joe,88
Joel,310
Joey,449
Joey-James,5
Joey-Lee,6
Johan,24
Johann,8
Johannes,8
John,359
John-Henry,5
John-James,6
John-Joseph,3
John-Junior,5
John-Paul,9
John-William,3
Johnathan,15
Johnboy,3
Johnjoe,4
Johnnie,6
Johnny,94
Johnson,3
Jojo,5
Jokubas,10
Jolyon,4
Jon,14
Jona,4
Jonah,419
Jonas,65
Jonasz,3
Jonathan,178
Jones,3
Joni,4
Jonjo,3
Jonnie,5
Jonny,16
Jonty,17
Jood,7
Jools,4
Jora,5
Jorah,9
Jorawar,14
Jordan,238
Jordan-James,4
Jordan-Junior,8
Jordi,7
Jordon,6
Jordy,4
Jordyn,3
Jorge,31
Jorgie,9
Joris,7
Jorvan,4
Jory,3
Jos,29
Jose,31
Josef,15
Joseff,3
Joseph,"1,307"
Joseph-James,3
Joseph-Junior,4
Josh,63
Joshan,13
Joshua,"1,737"
Joshua-James,13
Josiah,214
Joss,21
Jotham,9
Joud,9
Joules,3
Jovan,93
Jovani,3
Jovanni,7
Joven,6
Jovi,13
Jowan,15
Joy,3
Jozef,18
Joziah,11
Juan,19
Judah,75
Judd,8
Jude,"1,482"
Jujhar,23
Julen,3
Jules,28
Julian,166
Juliano,3
Julien,14
Julio,4
Julius,31
Jun,4
Junaid,22
Junayd,7
Junior,112
Junior-Jay,3
Junior-John,3
Juno,5
Jupiter,8
Justice,13
Justin,52
Kaamil,4
Kaan,20
Kabeer,6
Kabel,3
Kaben,3
Kabiel,6
Kabir,64
Kace,3
Kaceson,3
Kacey,7
Kaci,5
Kacper,117
Kade,35
Kaden,46
Kadir,3
Kaeden,6
Kael,6
Kaelan,16
Kaeson,4
Kai,639
Kai-James,3
Kai-Junior,3
Kaian,6
Kaidan,8
Kaiden,167
Kaiden-Lee,3
Kaidyn,3
Kaiel,3
Kaif,7
Kaihan,5
Kailan,6
Kailen,14
Kailo,6
Kailum,4
Kain,11
Kainan,4
Kaine,7
Kainen,3
Kaio,5
Kaion,5
Kairan,5
Kairav,24
Kairen,4
Kairi,6
Kairo,206
Kairon,6
Kairos,5
Kais,9
Kaisan,10
Kaiser,28
Kaison,22
Kaito,7
Kaius,20
Kaiyan,21
Kaiyen,4
Kaizen,5
Kaizer,13
Kaj,3
Kajetan,4
Kajus,33
Kal,10
Kal-El,7
Kaleb,129
Kaleem,8
Kalel,7
Kalem,3
Kalen,15
Kalil,3
Kalin,4
Kallan,3
Kallen,4
Kallum,3
Kaloyan,16
Kalvin,24
Kamai,3
Kamal,18
Kamali,6
Kamani,4
Kamari,36
Kamarli,4
Kamden,5
Kameel,10
Kameron,3
Kamil,38
Kamran,19
Kamsiyochi,5
Kamsiyochukwu,3
Kanan,11
Kanav,5
Kane,74
Kanishk,4
Kanye,3
Kaos,3
Karam,29
Karan,16
Karanveer,18
Kareem,49
Karim,58
Karl,23
Karlo,5
Karlos,5
Karman,5
Karol,12
Karson,61
Karson-James,4
Karson-Lee,3
Kartar,20
Karter,50
Karter-James,6
Karter-Jay,4
Kartik,3
Kasen,8
Kasey,11
Kash,24
Kashai,5
Kashif,3
Kasim,10
Kason,24
Kaspar,11
Kasper,140
Kaspian,8
Kasra,4
Kassian,5
Kassius,15
Kavan,8
Kavani,5
Kavari,6
Kaveer,5
Kavi,6
Kavin,10
Kaviraj,3
Kavish,5
Kaya,24
Kayaan,12
Kayan,28
Kaycen,5
Kaydan,7
Kayden,289
Kayden-Jay,3
Kayden-John,3
Kayden-Lee,10
Kayden-Ray,3
Kaydon,14
Kayen,4
Kayhan,9
Kaylan,38
Kayleb,10
Kaylem,4
Kaylen,24
Kaylon,7
Kaylum,14
Kayne,7
Kayode,5
Kaysan,26
Kaysen,10
Kayson,59
Kayson-James,3
Kayvan,3
Kayvon,3
Kazeem,3
Kazi,4
Kaziah,6
Kazimierz,6
Keagan,10
Kealan,7
Keane,3
Keano,8
Keanu,53
Keaton,19
Kebron,5
Keegan,68
Keegan-Lee,4
Keelan,20
Keenan,10
Keeran,3
Keeyan,3
Kei,4
Keian,3
Keilan,3
Keion,3
Keir,6
Keith,5
Kelechi,4
Kellan,5
Kelly,5
Kelson,4
Kelvin,12
Kemal,8
Ken,3
Kenai,6
Kenan,23
Kendrick,34
Kenechi,3
Kenechukwu,8
Kenji,10
Kenley,5
Kennedy,5
Kenneth,26
Kenny,48
Kenton,8
Kenzi,6
Kenzie,25
Kenzie-Lee,3
Kenzo,98
Kenzo-Lee,3
Keo,3
Keon,21
Keoni,5
Kerem,19
Kerim,6
Kerr,3
Keshav,5
Keven,3
Kevin,285
Kevinas,6
Kevins,3
Keyaan,66
Keyan,17
Keyon,3
Khaalid,3
Khabib,10
Khai,15
Khairo,4
Khaleal,3
Khaleb,4
Khaled,21
Khaleed,5
Khaleef,3
Khaleel,26
Khaleem,3
Khali,3
Khalid,91
Khalif,4
Khalifa,11
Khalifah,4
Khalil,104
Khamari,3
Khari,25
Khattab,3
Khizar,26
Khizer,3
Khizr,3
Khoa,3
Khurram,4
Khush,7
Khuzaimah,3
Khylo,3
Kiaan,123
Kiaansh,3
Kian,269
Kiano,7
Kiansh,7
Kiari,4
Kidus,11
Kiefer,3
Kielan,4
Kien,6
Kieran,62
Kieron,5
Kilian,22
Killian,66
Kimani,4
Kimari,3
Kimi,6
Kinan,9
King,35
Kingsley,162
Kingston,19
Kinsley,3
Kion,11
Kip,10
Kipp,5
Kiran,7
Kiril,7
Kirill,6
Kirin,4
Kiro,5
Kirtan,4
Kishan,5
Kit,332
Kitson,6
Kitt,27
Kitto,4
Kiyaan,32
Kiyan,42
Kiyansh,8
Klaus,8
Klay,33
Klayton,7
Klesti,4
Klevis,3
Knight,3
Knox,21
Knoxx,3
Koa,81
Koah,23
Koan,4
Koban,4
Kobe,218
Kobe-Lee,3
Kobee,3
Koben,7
Kobey,11
Kobi,131
Kobi-Lee,4
Kobie,80
Kobie-Lee,6
Kobimtochukwu,3
Koby,119
Koda,34
Kodi,28
Kodie,11
Kody,71
Koen,16
Kofi,11
Kohan,6
Kohen,13
Koji,5
Kojo,5
Kol,4
Kolbie,7
Kolby,19
Kole,29
Kolton,7
Konan,3
Konnor,3
Konrad,10
Konstantin,6
Konstantinos,25
Kooper,6
Koppany,3
Kordian,4
Korede,3
Kori,3
Kornel,14
Kory,3
Kosisochukwu,3
Koven,3
Kray,3
Kree,7
Kreed,3
Krew,3
Krid,5
Kris,3
Krish,59
Krishan,5
Krishav,10
Krishiv,28
Krishna,9
Kristian,41
Kristians,6
Kristiyan,7
Kristo,4
Kristof,8
Kristofers,3
Kristopher,3
Kristupas,3
Krisztian,4
Krithin,3
Kroi,9
Krue,7
Krum,3
Kruz,14
Kruze,6
Krystian,9
Krzysztof,15
Ksawery,5
Kuba,19
Kudus,12
Kumail,6
Kumayl,3
Kundai,3
Kurt,6
Kurtis,16
Kush,21
Kuzey,10
Kwadwo,4
Kwaku,3
Kwame,4
Kwasi,4
Kyan,33
Kydan,3
Kyden,10
Kye,27
Kylan,44
Kyle,71
Kylen,12
Kyler,9
Kylian,47
Kylo,161
Kylon,8
Kymani,10
Kyon,5
Kyran,41
Kyree,15
Kyrell,3
Kyren,28
Kyrese,3
Kyri,3
Kyriakos,3
Kyrie,84
Kyro,89
Kyron,56
Kyron-James,3
Kysen,5
Kyson,16
Kyza,3
Kyzer,9
Lachlan,110
Ladislav,8
Laike,4
Laiken,3
Laine,3
Laith,93
Lajos,3
Lakai,5
Lake,45
Laken,8
Laksh,4
Lalo,5
Lamar,3
Lamari,3
Lameck,3
Lamiek,3
Lamin,5
Lance,14
Lander,3
Lando,74
Landon,24
Laris,3
Larkin,3
Larry,14
Lars,18
Larson,6
Laszlo,7
Lateef,3
Lauchlan,6
Laurence,102
Laurent,3
Laurentiu,6
Laurie,71
Lavelle,4
Lavie,3
Lawand,9
Lawi,9
Lawrence,77
Lawrie,5
Lawson,60
Lawy,7
Layad,3
Layke,10
Layken,4
Layland,4
Layne,7
Layth,58
Layton,119
Layton-James,5
Lazar,7
Lazer,3
Leander,11
Leandro,16
Leandros,10
Leart,6
Lee,34
Leeland,3
Leeson,3
Lefi,4
Legacy,3
Legend,8
Leib,3
Leif,13
Leighton,102
Leland,19
Lemar,3
Lemi,3
Lemmy,5
Lemuel,8
Len,3
Lennard,7
Lenni,6
Lennie,157
Lennon,185
Lennox,152
Lenny,373
Lenny-George,3
Lenny-Joe,4
Lenny-Lee,4
Lenox,3
Leo,"3,465"
Leo-James,16
Leo-Jay,3
Leofric,3
Leon,590
Leonard,233
Leonardas,9
Leonardo,498
Leonas,11
Leone,3
Leonel,6
Leonid,5
Leonidas,97
Leopold,17
Leroy,15
Leslie,4
Lester,4
Leto,3
Lev,13
Levan,3
Levelle,3
Levent,5
Levente,10
Levi,408
Levi-James,5
Levin,4
Levison,19
Levon,4
Levy,8
Lew,3
Lewi,14
Lewie,15
Lewin,7
Lewis,419
Lewy,8
Lewyn,3
Lewys,14
Lex,19
Lexon,3
Leylan,3
Leyland,7
Leyton,28
Liam,690
Liam-Junior,5
Lian,5
Liban,4
Linas,4
Lincoln,324
Lincoln-James,5
Lincoln-Jay,3
Lincoln-Lee,4
Lincon,4
Linden,9
Link,14
Linken,3
Linkoln,3
Linus,10
Lio,9
Lion,3
Lionel,15
Lior,15
Liviu,5
Lj,8
Lleu,3
Llew,9
Llewellyn,8
Llewelyn,17
Llewyn,5
Lleyton,3
Llion,4
Lloyd,31
Llyr,9
Llywelyn,10
Loay,3
Lochie,7
Lochlainn,5
Lochlan,127
Lochlann,11
Lochlin,3
Lochlyn,7
Locke,6
Lockie,45
Locklan,6
Lockley,3
Locklyn,3
Locksley,4
Locryn,7
Logan,"1,192"
Logan-James,10
Logan-Jay,3
Logan-John,5
Logan-Lee,6
Loic,11
Loki,98
Lomax,3
Lomond,3
London,7
Lonnie,14
Lorcan,55
Lorenc,3
Lorenz,4
Lorenzo,319
Lorenzo-James,3
Lorik,10
Loris,6
Lorne,3
Lotanna,5
Louay,3
Louca,3
Louen,4
Loui,23
Louie,"1,461"
Louie-George,6
Louie-James,7
Louie-Jay,6
Louis,"1,240"
Loukas,4
Lourenco,7
Lovell,3
Lowan,8
Lowe,5
Lowell,5
Lowen,83
Loxley,18
Luai,4
Luan,60
Luay,8
Luc,10
Luca,"1,807"
Luca-Andrei,3
Luca-Bleu,3
Luca-Gabriel,3
Luca-James,13
Luca-Jay,5
Luca-Matei,3
Lucah,3
Lucan,4
Lucas,"1,965"
Lucas-Gabriel,4
Lucas-James,7
Lucas-Jay,3
Lucca,66
Lucian,86
Luciano,26
Lucien,32
Lucifer,15
Lucio,8
Lucious,6
Lucius,18
Lucky,3
Lucus,7
Ludo,12
Ludovic,8
Ludovico,6
Luen,4
Lui,4
Luigi,10
Luis,94
Luiz,4
Luka,138
Lukas,188
Lukass,3
Lukasz,8
Luke,496
Luke-Junior,8
Lundy,3
Lupo,4
Luqmaan,11
Luqman,19
Luther,20
Lux,12
Luyanda,3
Lyall,3
Lyam,8
Lyden,3
Lyle,27
Lynden,5
Lyndon,17
Lyon,10
Lyric,3
Lysander,6
M,4
Maahir,11
Maalik,6
Maaran,3
Maaz,19
Mabon,16
Mac,22
Macaulay,10
Macauley,11
Mace,12
Macen,4
Maciej,8
Mack,24
Mackenzie,27
Macs,5
Macsen,84
Madden,4
Maddox,130
Madhav,6
Madoc,3
Mael,12
Magnus,128
Mahad,19
Mahadi,3
Mahamadou,7
Mahamed,6
Mahan,3
Mahbeer,3
Mahdi,36
Maher,16
Mahid,7
Mahin,3
Mahir,28
Mahmood,5
Mahmoud,19
Mahmud,4
Mahrez,3
Maison,20
Majd,7
Majed,5
Majesty,5
Majid,8
Major,6
Majus,9
Makai,20
Makaio,5
Makar,6
Makari,6
Makbel,4
Maks,4
Maksim,28
Maksym,4
Maksymilian,52
Malachai,4
Malachi,126
Malachy,21
Malakai,108
Malakhi,3
Malaki,5
Malakye,4
Malcolm,31
Maleek,24
Malek,32
Mali,5
Malick,6
Malik,118
Malikai,5
Malikye,5
Maliq,5
Malique,9
Malley,6
Malo,10
Malone,3
Malyk,3
Mamadou,7
Mamadu,3
Manas,4
Manase,3
Manav,6
Mani,11
Manjot,3
Mankirat,14
Mankirt,6
Manmeet,3
Mannan,3
Manny,11
Manraaj,3
Manraj,25
Mansa,3
Mansoor,4
Mansur,3
Mantaj,3
Mantej,4
Mantra,4
Manu,6
Manuel,25
Manveer,17
Manvik,5
Manvir,9
Marat,4
Marc,28
Marcel,174
Marceli,4
Marcell,9
Marcello,7
Marcellus,12
Marcelo,7
Marco,85
Marcos,13
Marcu,5
Marcus,192
Mard,4
Mardin,3
Marek,19
Mari,3
Marian,12
Marin,6
Mario,69
Marios,13
Maris,3
Marius,24
Mark,207
Markas,38
Markel,5
Marko,14
Markos,9
Marks,4
Markus,21
Markuss,9
Marlee,6
Marley,444
Marley-Ray,3
Marli,9
Marlie,3
Marlo,43
Marlon,17
Marlow,52
Marlowe,17
Maros,4
Mars,6
Marsel,6
Marshall,86
Marti,6
Martim,11
Martin,208
Martino,5
Marty,18
Martyn,4
Martynas,4
Marvel,6
Marvellous,3
Marvin,21
Marwan,17
Mason,"1,517"
Mason-James,12
Mason-Jay,5
Mason-Lee,15
Masood,3
Masroor,3
Massimiliano,5
Massimo,19
Matan,7
Matas,28
Mate,6
Mateen,8
Matei,242
Matei-Andrei,3
Matei-Gabriel,4
Matej,9
Mateo,242
Mateus,12
Mateusz,23
Matey,9
Matheo,6
Matheus,7
Mathew,20
Mathias,80
Mathis,6
Matias,79
Matin,13
Matisse,5
Matt,5
Matteo,278
Matthew,472
Matthew-Junior,3
Matthias,105
Matti,4
Mattia,23
Mattias,30
Matty,4
Matus,3
Matvey,8
Matvii,3
Matyas,8
Maui,3
Maurice,15
Mauro,3
Maven,3
Maverick,81
Mawgan,6
Max,"1,650"
Maxen,5
Maxence,6
Maxi,9
Maxie,5
Maxim,81
Maxime,22
Maximilian,319
Maximiliano,8
Maximilien,6
Maximillian,30
Maximillion,6
Maximo,13
Maximos,22
Maximum,3
Maximus,293
Maxon,4
Maxson,6
Maxton,6
Maxwell,325
Maxx,11
Mayan,10
Mayank,5
Mayar,3
Mayson,21
Mazen,12
Mazin,8
Mazn,3
Mckenzie,50
Mckinley,4
Md,54
Meer,14
Mehar,4
Mehdi,14
Mehmed,7
Mehmet,26
Mehrab,3
Mehtab,10
Mei,3
Meilech,3
Meilir,4
Meir,12
Meirion,3
Mekhi,6
Melchizedek,6
Melvin,10
Memphis,20
Menachem,18
Mendel,4
Mendi,3
Mendy,10
Meran,3
Merlin,23
Merrick,3
Mert,24
Meshal,3
Messiah,18
Mete,8
Metehan,6
Mian,7
Micah,204
Micaiah,15
Micha,7
Michael,749
Michael-John,3
Michael-Lee,4
Michail,7
Michal,49
Michalis,3
Micheal,9
Michelangelo,3
Michele,3
Miciah,3
Mick,3
Mickey,15
Micky,6
Mieszko,4
Miguel,61
Mihaan,4
Mihai,20
Mihail,17
Mihailo,3
Mihaly,3
Mihir,3
Mihnea,6
Mihran,4
Mika,15
Mika'Eel,3
Mika'Il,17
Mikaal,5
Mikaeel,102
Mikael,78
Mikah,5
Mikai,3
Mikail,46
Mikal,3
Mikayeel,4
Mike,7
Mikel,15
Mikey,45
Mikhaeel,5
Mikhael,14
Mikhail,33
Mikias,3
Mikiyas,5
Mikkel,3
Miko,7
Mikolaj,67
Milad,4
Milan,168
Milano,6
Miles,533
Miley,12
Millan,5
Millen,7
Miller,83
Million,3
Milo,719
Milosz,14
Milton,3
Mina,3
Ming,3
Minh,7
Minhaj,4
Mio,3
Mir,14
Mirac,15
Miracle,10
Miraj,5
Miran,44
Miraz,3
Mircea,3
Mirko,5
Miro,6
Miron,4
Miroslav,9
Mirza,12
Misha,3
Mishael,3
Mitansh,4
Mitchel,3
Mitchell,30
Mithush,3
Mivaan,8
Mjay,3
Moataz,3
Moayad,3
Moaz,3
Modou,3
Moeez,4
Mohab,5
Mohamad,31
Mohamed,225
Mohammad,719
Mohammed,"1,619"
Mohammed-Aahil,3
Mohammed-Ibrahim,3
Mohammed-Zakariya,4
Mohammed-Zayaan,3
Mohamud,4
Mohaned,3
Mohid,8
Mohmmed,3
Mohsen,8
Mohsin,10
Mohummad,3
Moise,22
Moishe,25
Moishy,11
Moiz,16
Mojtaba,3
Moksh,5
Momin,18
Momodou,4
Monroe,16
Montagu,5
Montague,33
Monte,11
Montgomery,74
Montie,3
Monty,187
Moosa,16
Mordche,5
Mordecai,5
Mordechai,12
Mordy,3
Morgan,121
Morley,4
Morris,15
Moses,56
Moshe,35
Mosiah,4
Moss,7
Mostafa,6
Motiejus,5
Motti,5
Motty,12
Mouhamed,8
Mourad,4
Mousa,6
Moussa,10
Mu'Adh,5
Muaad,4
Muaadh,5
Muaaz,12
Muad,11
Muadh,24
Muawiya,3
Muawiyah,5
Muaz,19
Mubarak,7
Mubin,4
Muhamad,15
Muhamed,6
Muhammad,"3,722"
Muhammad-Abdullah,3
Muhammad-Adam,3
Muhammad-Ali,15
Muhammad-Amin,3
Muhammad-Ayaan,7
Muhammad-Azaan,5
Muhammad-Deen,3
Muhammad-Eesa,5
Muhammad-Eisa,4
Muhammad-Hadi,3
Muhammad-Hamza,3
Muhammad-Haris,3
Muhammad-Hassan,3
Muhammad-Ibrahim,3
Muhammad-Ismaeel,3
Muhammad-Musa,11
Muhammad-Mustafa,4
Muhammad-Qasim,3
Muhammad-Uzair,3
Muhammad-Yahya,6
Muhammad-Yusuf,12
Muhammadali,4
Muhammed,354
Muhammed-Eesa,3
Muhammed-Mustafa,3
Muhammod,3
Muhanad,3
Muhaymin,6
Muhsin,16
Mujtaba,21
Mukhtar,6
Mumin,4
Munachimso,10
Muneeb,3
Munib,4
Murad,8
Murat,3
Murphy,47
Murray,16
Murtaaz,3
Murtaza,12
Mus'Ab,6
Musa,533
Musaab,8
Musab,18
Mussa,6
Mussie,5
Mustafa,221
Mustaqeem,4
Mutasim,4
Muzamil,8
Muzammil,7
Myan,3
Mycah,4
Mylan,8
Myles,592
Myley,3
Mylo,164
Myron,7
Nabeel,10
Nabhan,3
Nabi,5
Nabil,19
Nachman,6
Nadar,4
Nadeem,9
Nader,3
Nadir,4
Naeem,12
Nael,28
Naetochukwu,3
Naftali,4
Naftoli,5
Naftuli,5
Naher,5
Nahom,3
Nahyan,7
Naim,9
Naitik,5
Nakai,4
Nakoa,5
Naksh,12
Nali,19
Naly,4
Naman,4
Nami,3
Namit,3
Nana,24
Naod,11
Narayan,7
Narcis,7
Naryan,3
Nash,6
Nasir,13
Nasri,4
Nasser,5
Natan,70
Nataniel,14
Nate,140
Nathan,595
Nathanael,27
Nathanial,4
Nathaniel,346
Natnael,7
Nature,3
Navid,5
Navin,3
Navraj,15
Navtej,8
Navy,15
Nawab,3
Nawaf,3
Nayan,10
Nayel,19
Nazar,3
Nazareth,3
Nazario,3
Neal,4
Nebi,3
Neco,18
Nectarie,5
Ned,64
Nedas,6
Nedw,3
Neeko,5
Neel,14
Neer,3
Neev,15
Negan,7
Nehan,5
Nehemiah,24
Neidas,3
Neiko,6
Neil,26
Neitas,10
Neithan,4
Neko,3
Nelson,24
Neo,85
Neriah,3
Nero,7
Nesta,3
Nestor,7
Netanel,3
Nevaan,4
Neville,4
Nevin,3
Newton,7
Neyo,6
Nhyira,4
Niall,76
Niam,35
Nicco,4
Niccolo,4
Nicholas,321
Nick,19
Nickolas,6
Nicky,7
Nico,247
Nicodem,3
Nicolae,8
Nicolai,3
Nicolas,185
Nicolas-Andrei,4
Nicolo,11
Nidhaan,4
Nieko,3
Nigel,8
Nihaal,9
Nihal,17
Nihan,8
Nii,4
Nik,6
Nikan,5
Nikesh,4
Nikhil,13
Nikita,34
Nikko,3
Niklaus,12
Niko,69
Nikodem,109
Nikola,20
Nikolai,26
Nikolaos,16
Nikolas,95
Nikolay,21
Nikos,8
Nilan,7
Nile,16
Nils,4
Nima,5
Nimrod,8
Nino,5
Niraj,3
Nirav,6
Nirvaan,12
Nirvair,11
Nirvan,6
Nirwan,3
Nischay,4
Nishaan,11
Nishan,5
Nivaan,13
Nivan,6
Niven,3
Nixon,11
Niyam,4
Niyan,3
Nnamdi,9
Noa,53
Noah,"4,525"
Noah-George,4
Noah-James,28
Noah-Jay,3
Noah-John,4
Noah-Lee,10
Noam,7
Noan,3
Noar,7
Noe,10
Noel,75
Nofal,3
Noh,4
Nojus,17
Nolan,101
Nolen,8
Nooh,8
Noor,12
Norbert,5
Norman,10
Norris,3
Nosson,5
Nouh,5
Nour,5
Nova,25
Novah,6
Noyan,11
Nuel,3
Nuh,28
Numair,3
Numan,3
Nur,4
Nyle,16
O'Shae,3
O'Shea,6
Oak,9
Oaken,4
Oaklan,9
Oaklee,16
Oakleigh,10
Oaklen,11
Oakley,908
Oakley-Blu,4
Oakley-George,4
Oakley-James,16
Oakley-Jay,6
Oakley-John,4
Oakley-Lee,6
Oakley-Rae,5
Oakly,4
Oaklyn,5
Obada,3
Obadiah,5
Obaid,3
Oban,6
Oberon,11
Obi,31
Obie,36
Obinna,7
Obrempong,5
Ocean,43
Ocean-Blu,3
Octavian,9
Octavius,5
Odai,3
Oday,4
Oden,9
Odhran,24
Odie,8
Odin,99
Odyn,4
Odysseas,4
Odysseus,4
Oghenemaro,3
Oghenetega,3
Oghosa,3
Ohene,6
Oisin,96
Ojas,14
Olaf,32
Olamide,10
Olamiposi,3
Olaoluwa,3
Ole,6
Olek,3
Olen,3
Oli,13
Olin,4
Oliver,"4,167"
Oliver-James,12
Oliver-Thomas,3
Olivers,11
Olivier,74
Oliwer,8
Oliwier,75
Olli,5
Ollie,613
Ollie-Jay,3
Ollie-Ray,3
Olly,98
Olsen,9
Oluwadamilare,4
Oluwadamilola,4
Oluwadarasimi,6
Oluwademilade,5
Oluwadunsin,4
Oluwafemi,6
Oluwaferanmi,4
Oluwafifehanmi,4
Oluwajomiloju,3
Oluwalonimi,4
Oluwanifemi,5
Oluwasemilore,4
Oluwashindara,3
Oluwatimilehin,5
Oluwatimileyin,4
Oluwatise,4
Oluwatobi,7
Oluwatoni,3
Om,14
Omar,250
Omari,58
Omarion,5
Omer,50
Omi,4
Omid,6
Omkar,3
Omotayo,3
Omran,4
Ondrej,3
Onisim,3
Onkar,3
Onur,4
Onyx,26
Opie,21
Oran,23
Oren,36
Oreoluwa,3
Orestis,7
Orfeas,3
Orhaan,5
Orhan,32
Ori,10
Orian,4
Orin,32
Orion,83
Orlando,95
Orlo,4
Orrin,11
Orson,119
Oryn,5
Osama,8
Osariemen,3
Osayd,3
Oscar,"3,071"
Oscar-George,3
Oscar-James,10
Oscar-Lee,4
Oshan,4
Oshen,3
Osher,5
Oshin,4
Osian,163
Osiris,9
Oska,6
Oskar,230
Oskaras,12
Oskars,3
Oslo,12
Osman,91
Osmond,3
Ossian,10
Ossie,3
Osten,3
Ostin,4
Oswald,10
Oswin,6
Othman,8
Othniel,13
Otis,737
Oto,3
Ottis,7
Otto,326
Oumar,4
Ousman,6
Ovi,3
Ovie,40
Owain,24
Owais,34
Owen,384
Owi,5
Oxley,6
Ozan,19
Ozer,3
Oziah,4
Ozias,16
Ozwald,3
Ozzie,33
Ozzy,88
Paarth,3
Paavan,3
Pablo,31
Pacey,5
Paddy,41
Padraig,5
Paisley,4
Pamir,5
Panagiotis,6
Panayiotis,4
Panth,3
Paolo,5
Param,9
Paramveer,3
Paramvir,4
Parin,3
Paris,6
Parker,395
Parker-James,3
Parker-Lee,4
Parsa,3
Parth,11
Pascal,5
Pasha,6
Pat,4
Patrick,456
Patrick-Joseph,3
Patrik,16
Patryk,21
Patsy,3
Pau,4
Paul,81
Paul-Junior,5
Paulie,4
Pavan,4
Pavel,13
Pavlos,4
Pawel,7
Paxton,12
Pedro,26
Peniel,3
Percie,3
Percival,27
Percy,131
Perrin,5
Perry,18
Perseus,12
Pesach,5
Petar,10
Peter,215
Peter-James,5
Petr,4
Petros,8
Petru,20
Peyton,7
Pharaoh,3
Pharrell,3
Phelix,3
Pheonix,7
Philip,134
Philippe,6
Philippos,12
Phillip,21
Philo,3
Phineas,12
Phoenix,324
Phoenyx,3
Pierce,5
Pierre,14
Pietro,15
Pijus,4
Pinchas,8
Pinchos,4
Pini,3
Piotr,29
Pip,9
Pippin,8
Piran,5
Pius,3
Plamen,3
Porter,3
Poseidon,4
Poyraz,11
Prabh,3
Prabhjot,4
Praise,8
Pranav,16
Praneel,3
Pranit,3
Pransh,3
Prem,4
Presley,74
Presley-James,3
Preston,76
Preston-Lee,4
Priam,8
Prince,59
Priyan,3
Priyansh,10
Psalm,6
Qaim,5
Qais,10
Qamar,3
Qasim,45
Qazi,4
Quade,4
Quentin,23
Quhey,6
Quin,6
Quincey,3
Quincy,13
Quinlan,11
Quinn,175
Quintin,5
Quinton,19
Qusai,4
R'Mari,3
Raahim,3
Radek,5
Radin,4
Radley,4
Radomir,3
Radoslav,3
Radu,12
Radvin,3
Radwan,4
Rae,7
Raed,7
Raees,43
Raef,9
Raegan,3
Raei,3
Raf,3
Rafa,10
Rafael,289
Rafail,3
Rafal,7
Rafan,3
Rafay,12
Rafe,248
Raff,5
Raffael,5
Raffaele,9
Raffaello,4
Raffee,3
Rafferty,255
Raffey,3
Raffi,27
Raffie,7
Raffy,26
Rafi,60
Rafid,4
Rafik,5
Rafsan,8
Raghav,12
Ragnar,22
Rahand,3
Rahat,3
Raheel,8
Raheem,72
Raheesh,3
Rahi,4
Rahil,4
Rahim,19
Rahman,4
Rahul,7
Rai,16
Raid,3
Raiden,41
Raif,9
Raife,84
Raihan,5
Rain,5
Raine,8
Rainer,4
Rainn,6
Raith,3
Raiyaan,3
Raiyan,13
Raja,17
Rajan,15
Rajdeep,3
Rajveer,21
Rajvir,5
Rakai,4
Rakan,11
Rakeem,3
Rakshan,3
Ralf,12
Ralfie,9
Ralfs,4
Ralph,692
Ralphi,6
Ralphie,172
Ralphy,62
Ram,9
Rama,3
Ramadan,5
Ramari,3
Ramazan,3
Ramel,3
Rami,34
Ramiah,3
Ramiro,5
Ramneek,3
Ramone,4
Ramos,3
Ramsay,4
Ramsey,6
Ramy,10
Ramzi,4
Ramzy,3
Rana,10
Rand,3
Randall,4
Randy,5
Ranell,3
Ranulph,3
Ranveer,13
Ranvir,8
Rapha,5
Raphael,293
Raphie,3
Raqeeb,3
Rares,75
Rares-Stefan,6
Raresh,3
Rasa,3
Rasan,4
Rashad,3
Rashed,4
Rasheed,5
Rashid,12
Ratmir,5
Ratu,5
Rauf,3
Raul,46
Raunak,3
Rauri,9
Raury,3
Ravel,3
Raven,10
Ravi,28
Rawen,8
Ray,82
Rayaan,75
Rayan,264
Rayane,3
Rayann,3
Raydan,3
Rayden,11
Rayen,10
Rayhaan,11
Rayhan,27
Raylan,5
Raylen,5
Raym,5
Raymond,65
Rayn,5
Rayne,14
Rayon,3
Rayun,5
Rayyaan,11
Rayyan,165
Razin,3
Razvan,18
Reagan,40
Rean,3
Reda,7
Redford,4
Reean,3
Reece,127
Reed,16
Reef,14
Reegan,10
Reehan,3
Reeko,3
Reese,5
Reeve,14
Reeyan,3
Refoel,4
Regan,48
Reggi,4
Reggie,"1,287"
Reggie-James,12
Reggie-Lee,19
Reggie-Rae,3
Reggie-Ray,15
Reggy,5
Reginald,214
Rehaan,14
Rehan,29
Rehmat,4
Rei,7
Reian,3
Reid,71
Reign,138
Reilly,9
Reis,5
Reiss,3
Remai,3
Remel,5
Remell,4
Remi,170
Remie,3
Remington,16
Remmi,3
Remmy,3
Remo,3
Remus,15
Remy,385
Ren,49
Renas,7
Rene,17
Renji,3
Renley,10
Renn,11
Rennie,3
Rennon,3
Renny,3
Renz,12
Renzo,33
Reo,27
Reon,22
Reu,6
Reuban,4
Reuben,"1,534"
Reuben-George,3
Reuben-James,7
Reuel,9
Reuven,3
Revan,4
Rex,396
Rexford,5
Rexx,3
Rey,8
Reyaan,11
Reyaansh,4
Reyan,30
Reyansh,26
Reynard,3
Reyon,4
Reyyan,3
Reza,10
Rheo,6
Rheon,6
Rhett,10
Rhian,9
Rhion,5
Rhodes,6
Rhodri,18
Rhoman,3
Rhuben,3
Rhudi,3
Rhun,4
Rhydian,7
Rhylee,4
Rhys,187
Riaan,49
Riad,3
Riain,4
Rian,127
Riaz,4
Ricardo,32
Riccardo,16
Ricco,4
Richard,125
Richie,33
Ricky,17
Rico,46
Ridaan,4
Ridhaan,6
Ridhan,3
Ridhwan,3
Ridit,3
Ridley,12
Ridwaan,3
Ridwan,17
Rien,4
Rifat,3
Riggs,3
Righteous,3
Rihaan,15
Rihan,7
Riku,4
Rilee,3
Riley,817
Riley-George,3
Riley-James,23
Riley-Jay,12
Riley-John,4
Riley-Lee,6
Rio,293
Rio-James,3
Rion,17
Ripley,7
Rishaan,20
Rishabh,5
Rishan,8
Rishav,4
Rishi,41
Rishik,5
Ritchie,10
Riva,3
Rivaan,14
Rivah,4
Rivan,6
Riven,12
River,442
River-Bleu,3
River-Blu,4
River-Blue,3
River-James,3
Rivers,3
Riyaan,15
Riyad,28
Riyadh,7
Riyan,37
Riyansh,7
Rizwan,8
Rj,8
Roan,38
Roary,5
Robbie,74
Robby,5
Robert,394
Roberto,15
Roberts,8
Robin,443
Robson,5
Robyn,5
Rocco,294
Rocket,3
Rockie,3
Rocky,40
Roderick,8
Rodi,4
Rodney,10
Rodrigo,18
Roe,5
Roel,7
Roen,5
Rogan,35
Roger,10
Rogue,12
Rohaan,24
Roham,4
Rohan,168
Rokas,19
Roko,4
Roland,35
Rollo,18
Romaan,3
Romai,3
Romain,3
Roman,"1,923"
Roman-George,3
Roman-James,17
Roman-Jay,4
Roman-John,3
Roman-Lee,8
Roman-Ray,3
Romano,4
Romany,3
Romari,8
Romario,8
Rome,104
Romell,4
Romello,3
Romelo,3
Romeo,214
Romero,7
Romey,20
Romi,25
Romie,5
Romy,11
Ron,4
Ronak,4
Ronald,67
Ronan,188
Ronav,3
Ronel,5
Roni,10
Ronin,15
Ronit,4
Ronni,3
Ronnie,"1,285"
Ronnie-George,3
Ronnie-James,8
Ronnie-Jay,7
Ronnie-Joe,4
Ronnie-Lee,12
Ronnie-Ray,4
Ronny,30
Roo,7
Roque,4
Rorey,3
Rori,11
Rorie,6
Rory,"1,483"
Rory-James,5
Rosario,4
Rosco,6
Roscoe,39
Roshan,15
Ross,21
Rossi,4
Rou,5
Roux,43
Rovan,5
Roven,3
Rowan,938
Rowe,9
Rowen,24
Rowland,6
Rowyn,3
Rox,22
Roy,33
Royal,8
Royan,3
Royce,10
Ru,3
Ruadhan,4
Ruairi,80
Ruairidh,8
Ruan,18
Ruari,17
Ruaridh,14
Ruban,3
Ruben,540
Rubin,9
Rubyn,3
Rudey,3
Rudi,113
Rudie,14
Rudolf,3
Rudra,29
Rudraksh,3
Rudransh,8
Rudy,262
Rudyard,3
Rue,6
Rueben,88
Rueben-James,3
Ruel,3
Rufus,140
Ruhaan,15
Ruhan,3
Rui,17
Rumaan,3
Rumen,3
Rumi,20
Rune,10
Rupert,631
Ruslan,4
Russell,28
Rusty,3
Ruthvik,4
Ryaan,8
Ryan,569
Ryden,8
Ryder,118
Rye,6
Ryka,3
Ryker,48
Rylan,9
Rylee,34
Ryleigh,4
Rylen,3
Ryley,32
Rylie,6
Ryo,4
Ryu,6
Ryver,3
Sa'Ad,4
Saabir,3
Saad,34
Saafir,4
Saahas,4
Saahil,5
Saahir,4
Saajan,4
Saalih,6
Saami,5
Saarim,3
Saatvik,7
Sabastian,3
Saber,4
Sabin,3
Sabir,5
Sacha,30
Sachin,5
Saeed,9
Safin,4
Safwaan,9
Safwan,33
Sage,17
Sahal,3
Sahand,3
Sahas,4
Saheim,5
Sahib,32
Sahibjot,7
Sahil,29
Sahim,3
Sahir,11
Sahl,3
Sai,19
Saiansh,3
Said,9
Saif,46
Saifan,8
Saifuddin,3
Saifullah,5
Saihan,8
Saim,11
Saint,59
Saiyan,4
Saiyed,3
Sajan,3
Sajed,3
Sajid,8
Sajjad,3
Saketh,3
Salaar,9
Salah,25
Salahuddeen,5
Salahuddin,39
Salahudeen,7
Salahudin,3
Salar,4
Saleem,9
Saleh,20
Salem,9
Salih,14
Salim,12
Saliou,5
Salmaan,3
Salman,31
Salvador,19
Salvatore,6
Sam,161
Samad,4
Samael,3
Samar,19
Samarpreet,3
Samarth,13
Samarveer,5
Samatar,3
Samay,5
Sameer,11
Sameh,3
Sami,141
Samik,4
Samir,33
Samiul,8
Sammy,16
Samraj,9
Samrath,7
Samson,61
Samuel,"1,123"
Samuele,7
Samuil,7
Samveer,4
Samy,7
Samyar,3
San,8
Sanad,18
Sanaf,3
Sanav,4
Sandor,3
Sandro,10
Sandy,4
Santi,11
Santiago,123
Santino,54
Santo,3
Santos,3
Sanveer,3
Saran,3
Sarang,4
Sardar,6
Sarfaraz,3
Sarim,18
Saro,3
Sartaaj,5
Sartaj,5
Sarvan,4
Sarvin,3
Sascha,7
Sasha,17
Sasho,3
Sathvik,5
Satvik,4
Saud,4
Saul,35
Sava,4
Savio,4
Savraj,7
Sawyer,14
Saxon,23
Sayan,9
Sayed,31
Sayf,7
Sayhan,5
Sayid,3
Sayyed,3
Sayyid,3
Scott,49
Scout,4
Se,4
Seamus,17
Sean,103
Seb,38
Sebastian,"1,516"
Sebastiano,3
Sebastien,26
Sebian,3
Seeley,3
Sehaj,12
Sehej,3
Sehj,3
Sekou,4
Selby,6
Selim,15
Senan,17
Senay,3
Senna,5
Sennen,4
Serafim,8
Serafin,4
Serge,4
Sergio,9
Sergiu,5
Serigne,4
Seth,302
Seva,3
Seven,4
Sevyn,3
Seyed,6
Seyon,5
Sha,3
Shaan,23
Shad,7
Shadi,4
Shae,19
Shafi,3
Shah,28
Shahan,11
Shaheen,3
Shaheer,4
Shahid,5
Shahmeer,5
Shahraiz,3
Shahwaiz,4
Shahzad,6
Shahzaib,4
Shahzain,27
Shai,17
Shaikh,4
Shaka,4
Shakai,6
Shakeel,5
Shakur,5
Shalom,9
Shamar,3
Shamari,3
Shammah,3
Shane,43
Shaquille,4
Sharif,4
Sharo,3
Sharvin,8
Shaun,25
Shaun-Junior,3
Shaurya,16
Shawn,21
Shay,110
Shaya,16
Shayaan,23
Shayan,50
Shayden,8
Shaylan,8
Shayne,7
Shazain,8
Shazim,3
Shea,29
Shehbaaz,9
Shehryar,3
Sheikh,36
Shelby,10
Sheldon,7
Shemar,3
Sheriff,4
Shia,8
Shiloh,38
Shimen,3
Shimon,20
Shimshi,3
Shiro,4
Shiv,27
Shiva,3
Shivaan,6
Shivaay,10
Shivai,8
Shivam,6
Shivan,5
Shivang,3
Shivansh,30
Shiven,4
Shivesh,3
Shivin,3
Shko,9
Shloime,18
Shloimy,6
Shlok,6
Shlomo,12
Shmaya,3
Shmuel,13
Shoaib,5
Sholom,3
Shraga,3
Shray,4
Shrey,9
Shreyan,7
Shreyansh,10
Shreyas,5
Shrithik,3
Shriyaan,3
Shriyan,7
Shuaib,6
Shubh,3
Shubham,3
Shulem,4
Shuraim,3
Shyam,4
Shylo,3
Siam,5
Sian,4
Siar,14
Sid,37
Sidak,3
Siddhant,3
Siddharth,19
Siddhartha,6
Sidharth,6
Sidney,319
Siem,6
Silas,47
Silver,3
Silvio,3
Simas,5
Simbarashe,3
Simeon,28
Simon,107
Sinan,9
Sion,9
Siraj,8
Sirat,3
Sire,5
Sirius,3
Siyam,4
Siyan,4
Skender,3
Sky,6
Skye,9
Skylar,4
Skyler,7
Soel,3
Sofian,5
Sofiane,4
Sohaib,5
Sohail,7
Soham,6
Sohan,8
Sohrab,4
Sohum,3
Sol,25
Solomon,117
Somtochukwu,4
Sonni,9
Sonnie,29
Sonny,762
Sonny-James,6
Sonny-Lee,3
Sora,3
Soren,22
Sotiris,4
Soufiane,4
Soul,10
Souleyman,3
Souleymane,4
Sparsh,3
Spencer,273
Spike,5
Spyridon,3
Sri,3
Sriansh,3
Srihith,3
Sriram,3
Srithik,3
Sriyansh,5
Sruli,5
Sruly,7
Stan,7
Stanislav,8
Stanislaw,47
Stanlee,3
Stanley,724
Stavros,9
Steele,3
Stefan,161
Stefano,8
Stefanos,13
Stefanut,3
Steffan,22
Stellan,8
Stephan,9
Stephen,80
Sterling,24
Steve,6
Steven,41
Stevie,12
Stewart,4
Stirling,22
Storm,21
Stoyan,5
Struan,10
Stuart,8
Subhaan,11
Subhan,51
Sudais,7
Sufian,9
Sufiyaan,5
Sufiyan,13
Sufyaan,13
Sufyan,36
Suhaan,6
Suhaib,6
Suhail,4
Suhan,3
Suhayb,3
Suheyb,4
Sukhman,4
Sukhraj,7
Sulaimaan,5
Sulaiman,90
Sulaymaan,11
Sulayman,69
Suleiman,55
Suleman,17
Suleyman,24
Sulieman,5
Suliman,7
Sullivan,103
Sully,26
Sultan,61
Sunnie,7
Sunny,56
Surafel,3
Suraj,3
Surya,7
Sutton,5
Sydney,13
Syed,279
Sylas,5
Sylvan,5
Sylvester,20
Syon,6
Syre,4
Syrus,4
Szymon,70
T-Jay,5
Tadeusz,11
Tadgh,4
Tadhg,90
Tae,3
Taeo,4
Tafari,8
Taha,40
Tahir,9
Tahmeed,4
Tahmid,3
Tahsin,6
Tai,9
Taif,5
Taigh,3
Taika,4
Taim,17
Taimoor,16
Taimur,15
Taio,21
Taison,3
Taite,3
Tajus,10
Tajveer,5
Tajvir,3
Taksh,8
Talha,55
Taliesin,12
Tallis,4
Talon,3
Tameem,4
Tamim,15
Tamjeed,4
Tanaka,6
Tanay,4
Tane,5
Taner,5
Tanish,5
Tanishq,3
Tanner,8
Tanush,3
Tanveer,4
Tao,11
Tapiwa,3
Taran,36
Tarek,3
Tarian,3
Tarik,3
Tariq,17
Taro,3
Taron,35
Tarran,6
Tashfeen,3
Tate,103
Tauheed,3
Tauras,4
Tavian,3
Tawheed,3
Tawhid,5
Tayan,4
Tayden,3
Taye,5
Tayem,3
Taylan,20
Taylen,7
Taylor,108
Taym,7
Tayo,16
Tayon,6
Tayvon,3
Tayyab,7
Ted,273
Teddi,8
Teddie,157
Teddie-James,5
Teddy,"1,875"
Teddy-George,3
Teddy-James,31
Teddy-Jay,5
Teddy-Joe,5
Teddy-John,7
Teddy-Lee,13
Tedi,9
Teejay,11
Tegh,15
Teghveer,6
Tegid,4
Tegveer,4
Teifi,4
Teifion,3
Teilo,11
Tej,9
Tejas,8
Tejveer,3
Temitayo,4
Tennyson,4
Tenzin,4
Teo,74
Teodor,102
Teodoras,5
Teodoro,3
Teodors,3
Teoman,4
Teon,4
Terence,15
Terrell,4
Terrence,5
Terry,20
Tervel,3
Thabit,5
Thaddeus,13
Thady,3
Thai,3
Thane,3
Thanos,4
Tharun,3
Theeran,3
Theo,"2,514"
Theo-George,3
Theo-James,27
Theo-Jay,3
Theo-Joshua,4
Theo-Lee,4
Theoden,6
Theodor,76
Theodore,"2,889"
Theodore-James,7
Theodoros,11
Theodosios,3
Theon,22
Theophile,3
Theophilus,5
Theseus,3
Thiago,101
Thierry,17
Thomas,"2,302"
Thomas-James,11
Thomas-Jay,3
Thomas-John,6
Thomas-Junior,3
Thor,13
Thorfinn,3
Thorin,5
Tiago,80
Tiam,4
Tian,19
Tiano,3
Tiberius,7
Tibo,3
Tibor,4
Tidus,3
Tiernan,19
Tiger,18
Tighe,3
Tigran,3
Tim,11
Timmy,3
Timo,5
Timofey,5
Timotei,19
Timotej,6
Timothy,113
Timur,31
Tinashe,5
Tino,3
Tinotenda,3
Tion,16
Tirenioluwa,3
Titan,4
Tito,4
Titus,11
Tj,12
Tobechukwu,3
Tobenna,11
Tobey,9
Tobi,22
Tobiah,3
Tobias,596
Tobias-James,4
Tobiasz,13
Tobie,10
Tobin,7
Toby,918
Toby-James,4
Toby-Lee,4
Tobyn,4
Tod,3
Todd,22
Todor,3
Toluwanimi,4
Tom,53
Toma,8
Tomas,71
Tomass,4
Tomasz,20
Tomi,45
Tommaso,24
Tommi,9
Tommie,48
Tommie-Lee,6
Tommy,"1,901"
Tommy-Dean,5
Tommy-George,6
Tommy-Jack,3
Tommy-James,22
Tommy-Jay,14
Tommy-Joe,12
Tommy-John,7
Tommy-Junior,4
Tommy-Lee,90
Tommy-Leigh,3
Tommy-Ray,9
Tommylee,5
Tomos,87
Tony,33
Tony-Junior,3
Tor,4
Torben,12
Toren,3
Torin,24
Torren,4
Torrin,3
Torsten,7
Tory,6
Trae,6
Travis,82
Treeve,3
Trent,33
Trevor,11
Trey,25
Treyton,3
Treyvon,3
Trishaan,7
Tristan,234
Troi,7
Troy,69
Tru,3
Trystan,12
Tucker,10
Tudor,65
Turan,4
Turner,7
Twm,7
Ty,9
Tyce,3
Tyde,7
Tye,8
Tyger,7
Tylan,4
Tylar,3
Tylen,3
Tyler,358
Tyler-James,10
Tyler-Jay,7
Tyler-John,3
Tymon,81
Tymoteusz,46
Tyr,4
Tyreece,3
Tyrell,6
Tyrelle,3
Tyrese,9
Tyrion,4
Tyron,6
Tyrone,14
Tyson,49
Tytus,3
Tzvi,17
Ubaid,9
Ubay,3
Ubayd,13
Uchenna,4
Udayveer,6
Ugo,3
Ugochukwu,4
Ugur,4
Uhtred,3
Ultan,3
Umair,22
Umar,188
Umayr,7
Umer,5
Umut,15
Uras,4
Uraz,3
Urhan,3
Uri,3
Uriah,6
Uriel,18
Usama,4
Usamah,5
Usayd,11
Usmaan,9
Usman,89
Uthmaan,14
Uthman,40
Uwais,5
Uzair,33
Uzayr,16
Vaibhav,4
Vaidik,3
Vakaris,5
Valentin,27
Valentine,16
Valentino,57
Valerio,5
Vance,4
Vansh,9
Varad,3
Vardaan,5
Varun,12
Vasco,4
Vasil,6
Vasile,6
Vasileios,7
Vasilis,9
Vaughn,3
Ved,14
Vedansh,8
Vedant,13
Vedanth,5
Veer,66
Veeran,6
Velislav,3
Vernon,5
Viaan,33
Viaansh,6
Vian,14
Vicente,15
Victor,210
Vidhaan,3
Viggo,18
Vihaan,63
Vihan,8
Vikram,8
Viktor,34
Viktoras,3
Vince,7
Vincent,425
Vincenzo,32
Vinnie,477
Vinnie-James,6
Vinnie-Lee,7
Vinny,94
Vir,4
Viraaj,13
Viraj,20
Viransh,3
Virat,5
Viren,5
Vishnu,5
Vishruth,4
Vitali,4
Vito,7
Vittorio,5
Vivaan,28
Vivan,6
Viven,3
Viyaan,15
Viyan,19
Vlad,93
Vladimir,64
Vladislav,4
Vladut,3
Vraj,3
Vrishank,3
Vukan,3
Vyan,4
Vyom,10
Wade,27
Wael,6
Wafi,5
Wahaaj,3
Wahaj,4
Waleed,20
Wali,17
Walid,4
Walker,10
Wallace,18
Walt,5
Walter,155
Ward,3
Waris,12
Warren,32
Warwick,3
Waseem,10
Wasim,4
Wassim,6
Watson,6
Waylon,3
Wayne,10
Wealth,3
Wesley,60
Westley,3
Weston,12
Wiktor,53
Wil,6
Wilber,4
Wilbert,9
Wilbur,92
Wilby,9
Wilder,15
Wilf,44
Wilfie,4
Wilfred,388
Wilfrid,12
Will,18
Willem,8
William,"2,093"
Williams,3
Willis,3
Willoughby,5
Willow,4
Wilson,22
Winston,36
Winter,11
Wisam,3
Wissam,5
Witold,5
Wojciech,25
Wolf,19
Wolfe,16
Wolfgang,13
Wolfie,12
Woodrow,26
Woody,126
Wray,3
Wren,51
Wulfric,6
Wyatt,156
Wylder,6
Wyn,5
Wynn,5
Wynter,5
Xaiden,3
Xander,308
Xavi,9
Xavian,4
Xaviar,4
Xavier,263
Xavion,4
Xion,3
Xzavier,6
Yaakov,5
Yaasir,5
Yacine,8
Yacob,6
Yacoub,3
Yacqub,3
Yad,10
Yafet,4
Yago,4
Yahia,6
Yahya,377
Yahyaa,7
Yahye,5
Yair,3
Yakov,18
Yaksh,3
Yakub,11
Yakup,6
Yaman,11
Yameen,6
Yamen,8
Yamin,5
Yan,8
Yani,3
Yanis,29
Yanislav,3
Yanky,4
Yann,5
Yannis,20
Yansh,4
Yaqeen,4
Yaqoob,12
Yaqoub,6
Yaqub,111
Yared,5
Yaseen,78
Yasen,4
Yaser,6
Yash,19
Yashwin,5
Yasin,55
Yasir,43
Yassen,6
Yasser,20
Yassin,12
Yassir,8
Yavuz,3
Yaw,3
Yazan,40
Yazdan,4
Yazeed,6
Yazn,5
Yehuda,28
Yekta,4
Yeshaya,4
Yeshayahu,3
Yeshua,3
Yi,7
Yichen,3
Yiddy,4
Yigit,7
Yishai,5
Yisrael,3
Yisroel,14
Yitzchok,14
Yoab,3
Yoan,9
Yoel,25
Yohan,13
Yona,4
Yonah,4
Yonatan,13
Yonis,8
Yordan,12
Yosef,23
Yoseph,3
Yosief,5
Yosif,3
Yossi,14
Youcef,7
Younes,24
Younis,29
Younus,10
Yousaf,18
Yousef,65
Yousif,34
Youssef,33
Yousuf,63
Yu,3
Yuchen,3
Yuel,5
Yug,12
Yuliyan,3
Yunay,3
Yunes,5
Yunis,19
Yunus,145
Yuri,7
Yusaf,4
Yusef,18
Yusha,44
Yusif,4
Yussuf,7
Yusuf,628
Yuvaan,24
Yuvan,16
Yuven,4
Yuvin,3
Yuvraaj,4
Yuvraj,71
Yves,10
Zaavi,3
Zac,198
Zacari,5
Zaccai,7
Zach,126
Zacharia,11
Zachariah,122
Zacharias,8
Zachariya,7
Zachariyah,3
Zachary,"1,146"
Zachery,7
Zack,177
Zackaria,6
Zackariah,5
Zackariya,11
Zackariyah,3
Zackary,43
Zackery,13
Zade,6
Zaeem,6
Zael,3
Zafar,3
Zahan,5
Zaheer,3
Zahi,6
Zahid,8
Zahir,15
Zahiyan,3
Zahkai,4
Zahran,7
Zai,3
Zaid,60
Zaidan,8
Zaiden,21
Zaim,4
Zain,228
Zaine,10
Zainuddin,3
Zaire,8
Zaiyaan,4
Zaiyan,11
Zak,96
Zakai,17
Zakareya,4
Zakari,6
Zakaria,87
Zakariah,23
Zakariya,334
Zakariyah,27
Zakariyya,57
Zakariyyah,4
Zakary,19
Zakarya,8
Zaki,27
Zakiah,3
Zakir,5
Zakk,6
Zakkary,3
Zakriya,4
Zakwan,3
Zalan,5
Zaman,6
Zameer,3
Zamin,4
Zana,3
Zand,8
Zanda,3
Zander,63
Zane,107
Zanyar,4
Zareef,3
Zarif,3
Zaroon,4
Zarrar,8
Zaryan,3
Zavian,24
Zavier,29
Zaviyan,7
Zaviyar,69
Zay,3
Zayaan,160
Zayan,170
Zayd,169
Zaydaan,7
Zaydan,28
Zayden,67
Zayed,13
Zaylen,3
Zayn,320
Zayne,58
Zayon,5
Zayyan,77
Zealand,4
Zeb,3
Zebedee,13
Zebediah,4
Zechariah,6
Zed,5
Zeeshan,13
Zehaan,4
Zehan,4
Zein,5
Zekai,5
Zeke,30
Zeki,15
Zekiel,3
Zen,25
Zennon,3
Zeno,11
Zenon,4
Zente,3
Zeon,5
Zeph,5
Zephaniah,29
Zephyr,39
Zeus,12
Zev,11
Zevi,9
Zeyaan,5
Zeyad,6
Zeyan,3
Zeyd,7
Zhyon,4
Zia,7
Ziaan,4
Ziad,15
Ziah,7
Zian,41
Zidaan,24
Zidan,50
Zidane,49
Ziggy,136
Zihan,3
Zikora,4
Zinedeen,3
Zinedine,13
Zion,273
Ziya,3
Ziyaad,12
Ziyaan,18
Ziyad,21
Ziyah,3
Ziyan,6
Ziyu,3
Zlatan,3
Zlatko,4
Zohaan,36
Zohaib,17
Zohair,6
Zohan,125
Zoltan,4
Zora,14
Zoraiz,16
Zoravar,9
Zorawar,50
Zorayz,8
Zsombor,3
Zubair,15
Zubayr,6
Zubin,4
Zuhaan,3
Zuhair,5
Zuhayr,4
Zuko,3
Zulqarnain,6
Zunair,4
Zuri,7
Zuriel,21
Zvi,9
Zy'Aire,3
Zyair,4
Zyaire,14
Zyan,19
Zyon,17
